Site_ID,Group,Site_Name,Pulse_Name,Deployment_Start,Deployment_End,Breeding_Type,Complex_Types,Outcome,Substrate,Approx_Colony_Size,Colony_Size,mcstart,incstart,Hatch_Date,fledgestart,fledgedisp,Abandoned_Date,Partial_Abandon_Date,Comment,Source Row,Review Status,Review Notes
2059,Solano County,2017 Rush Ranch,2017 Rush Ranch p1,3/2/2017,7/24/2017,Sequential,,Abandoned,"Bulrush, cattails",800,800,~3/7/2017,~4/17/2017,~4/29/2017,ND,ND,5/3/2017,ND,,4,OK,
2059,Solano County,2017 Rush Ranch,2017 Rush Ranch p2,3/2/2017,7/24/2017,Sequential,,Successful,"Bulrush, cattails",800,800,5/8/2017,5/18/2017,5/30/2017,6/12/2017,6/22/2017,ND,ND,,4,OK,
2059,Solano County,2017 Rush Ranch,2017 Rush Ranch p3,3/2/2017,7/24/2017,Sequential,,Successful,"Bulrush, cattails",800,800,6/2/2017,6/17/2017,6/29/2017,ND,ND,ND,ND,,4,OK,
3150,Iron Point,2018 Iron Point,2018 Iron Point p1,4/22/2018,5/19/2018,No Colony,,No Colony,Himalayan blackberry,2000,2000,ND,ND,ND,ND,ND,ND,ND,,5,OK,
3348,Markham Ravine,2018 Markham Ravine Main,2018 Markham Ravine p1,6/26/2018,7/23/2018,Unknown,,Successful,Himalayan blackberry,1000,1000,ND,ND,ND,ND,ND,ND,ND,,6,REVIEW,"p1Outcome is 'Successful', but all exported date fields are blank or ND."
3366,Markham Ravine,2018 Markham Ravine westside,2018 Markham Ravine - West p1,6/26/2018,7/13/2018,Unknown,,Successful,Himalayan blackberry,1000,1000,inf,inf,inf,7/6/2018,7/7/2018,ND,ND,2018 Markham Ravine Main:,7,OK,
3281,Placer County,2018 Red Wing Ranch,2018 Yankee Slough Ranch Preserve p1,5/4/2018,6/4/2018,Unknown,,Abandoned,"Himalayan blackberry, Bulrush, cattails",3000,3000,inf,5/5/2018,5/17/2018,ND,ND,5/22/2018,ND,,8,OK,
2719,Solano County,2018 Rush Ranch,2018 Rush Ranch p1,2/9/2018,6/26/2018,Simple,,Successful,"Bulrush, cattails",2000,2000,missed,5/14/2018,5/26/2018,6/11/2018,6/23/2018,ND,ND,,9,OK,
3682,San Jacinto Wildlife Area,2018 SJWA-rose-2,2018 San Jacinto Wildlife Area - Bridge St. Pond p1,4/10/2018,4/27/2018,Unknown,,Abandoned,"Bulrush, cattails",30000,30000,inf,4/19/2018,ND,ND,ND,4/22/2018,ND,,10,OK,
3417,San Jacinto Wildlife Area,2018 SJWA-rose-1,2018 San Jacinto Wildlife Area - Little Ramona p1,4/2/2018,4/10/2018,No Colony,,No Colony,"Bulrush, cattails",30000,30000,ND,ND,ND,ND,ND,ND,ND,2018 SJWA Little Ramona:,11,OK,
82621,San Jacinto Wildlife Area,2018 SJWA WSS,2018 SJWA Little Ramona p1,4/2/2018,5/1/2018,Unknown,,Abandoned,"Bulrush, cattails",30000,30000,4/10/2018,~4/18/2018,~4/30/2018,ND,ND,4/22/2018,ND,,12,OK,
5642,Sacramento National Wildlife Refuge Complex,2019 Colusa NWR 27-1,2019 Colusa NWR T27-1N p1,5/27/2019,8/12/2019,Simple,,Successful,"Bulrush, cattails",20000,20000,inf,missed,missed,6/27/2019,7/22/2019,ND,ND,,13,OK,
5643,Sacramento National Wildlife Refuge Complex,2019 Colusa NWR 27-2,2019 Colusa NWR T27-2S p1,5/21/2019,6/18/2019,Simple,,Partially Abandoned,"Bulrush, cattails",200,200,inf,5/17/2019,5/29/2019,~6/14/2019,~6/15/2019,ND,5/26/2019,,16,OK,
4455,Solano County,2019 Creed Road,2019 Denverton Creek p1,3/17/2019,7/7/2019,Sequential,,Successful,Himalayan blackberry,1000,1000,3/23/2019,4/28/2019,5/10/2019,5/23/2019,6/1/2019,ND,ND,,17,OK,
4455,Solano County,2019 Creed Road,2019 Denverton Creek p2,3/17/2019,7/7/2019,Sequential,,Abandoned,Himalayan blackberry,1000,1000,5/13/2019,5/23/2019,~6/4/2019,ND,ND,5/31/2019,ND,,17,OK,
4456,Solano County,2019 Hay Landfill,2019 Hay Landfill p1,4/8/2019,7/7/2019,Sequential,,Successful,"Bulrush, cattails",4000,4000,inf,4/15/2019,4/27/2019,5/11/2019,5/30/2019,ND,ND,,18,OK,
4456,Solano County,2019 Hay Landfill,2019 Hay Landfill p2,4/8/2019,7/7/2019,Sequential,,Partially Abandoned,"Bulrush, cattails",4000,4000,5/20/2019,5/28/2019,6/9/2019,6/23/2019,7/3/2019,ND,6/13/2019,,18,OK,
4979,Iron Point,2019 Iron Point,2019 Iron Point p1,4/24/2019,8/1/2019,Complex,"Asynchronous, Sequential",Successful,Himalayan blackberry,1500,1500,inf,4/21/2019,5/3/2019,5/14/2019,Continuous,ND,ND,,19,OK,
4979,Iron Point,2019 Iron Point,2019 Iron Point p2,4/24/2019,8/1/2019,Complex,"Asynchronous, Sequential",Successful,Himalayan blackberry,1500,1500,5/27/2019,6/2/2019,~6/14/2019,Continuous,Continuous,ND,ND,,19,OK,
4979,Iron Point,2019 Iron Point,2019 Iron Point p3,4/24/2019,8/1/2019,Complex,"Asynchronous, Sequential",Successful,Himalayan blackberry,1500,1500,5/27/2019,5/29/2019,6/10/2019,Continuous,7/7/2019,ND,ND,,19,OK,
4639,Solano County,2019 Leisure Town,2019 Leisure Town Road p1,3/17/2019,7/7/2019,Sequential,,Successful,"Bulrush, cattails",2000,2000,5/19/2019,missed,missed,6/21/2019,6/22/2019,ND,ND,,23,OK,
4639,Solano County,2019 Leisure Town,2019 Leisure Town Road p2,3/17/2019,7/7/2019,Sequential,,Successful,"Bulrush, cattails",2000,2000,ND,ND,ND,ND,ND,ND,ND,,23,REVIEW,"p2Outcome is 'Successful', but all exported date fields are blank or ND."
5637,Markham Ravine,2019 Markham Ravine,2019 Markham Ravine p1,5/10/2019,7/8/2019,Simple,,Partially Abandoned,"Himalayan blackberry, willow",1500,1500,inf,5/16/2019,5/28/2019,6/16/2019,6/20/2019,ND,5/28/2019,,24,OK,
5640,Markham Ravine,2019 Markham Ravine 2,2019 Markham Ravine 2 p1,5/10/2019,7/8/2019,Simple,,Partially Abandoned,"Himalayan blackberry, willow",10000,10000,inf,5/19/2019,5/31/2019,~6/9/2019,~6/21/2019,ND,5/24/2019,,26,OK,
5638,Solano County,2019 Rush Ranch,2019 Rush Ranch p1,2/6/2019,7/6/2019,Unknown,,Abandoned,"Bulrush, cattails",500,500,5/2/2019,5/9/2019,5/21/2019,ND,ND,5/22/2019,ND,,32,OK,
7657,Central Sacramento Valley,2020 Conaway Ranch,2020 Conaway Ranch p1,5/18/2020,7/10/2020,Asynchronous,,Successful,Cattails with bulrush,19000,19000,inf,5/25/2020,6/6/2020,6/18/2020,ND,ND,ND,,34,OK,
2908,Solano County,2020 Creed Road,2020 Denverton Creek p1,2/12/2020,7/11/2020,No Colony,,No Colony,Himalayan blackberry,1000,1000,ND,ND,ND,ND,ND,ND,ND,,35,OK,
57589,Monterey,2020 Fort Ord,2020 Fort Ord p1,4/8/2020,7/15/2020,Simple,,Successful,"Stinging nettle (Urtica spp.), Poison hemlock (Conium maculatum)",No Colony,No Colony,inf,4/12/2020,4/24/2020,5/9/2020,5/28/2020,ND,ND,,36,OK,
6199,Solano County,2020 Hay Landfill,2020 Hay Landfill p1,2/12/2020,7/10/2020,Asynchronous,,Successful,"Bulrush, cattails",4000,4000,3/16/2020,4/15/2020,4/27/2020,5/11/2020,6/14/2020,ND,ND,,38,OK,
6199,Solano County,2020 Hay Landfill,2020 Hay Landfill p2,2/12/2020,7/10/2020,Asynchronous,,Successful,"Bulrush, cattails",4000,4000,ND,ND,ND,ND,ND,ND,ND,,38,REVIEW,"p2Outcome is 'Successful', but all exported date fields are blank or ND."
7650,Iron Point,2020 Iron Point,2020 Iron Point p1,4/19/2020,8/5/2020,No Colony,,No Colony,Himalayan blackberry,No Colony,No Colony,ND,ND,ND,ND,ND,ND,ND,,39,OK,
6404,Markham Ravine,2020 Markham Ravine,2020 Markham Ravine p1,4/28/2020,6/24/2020,Simple,,Partially Abandoned,"Himalayan blackberry, willow",1000,1000,inf,5/7/2020,5/19/2020,~5/30/2020,6/8/2020,ND,5/18/2020,,40,OK,
2915,Solano County,2020 Rush Ranch,2020 Rush Ranch p1,2/12/2020,7/10/2020,No Colony,,No Colony,"Bulrush, cattails",No Colony,No Colony,ND,ND,ND,ND,ND,ND,ND,,41,OK,
18572,Monterey,2020 Ohlone - Santa Lucia Preserve,2020 Santa Lucia Preserve - Ohlone Pond p1,3/25/2020,7/18/2020,Simple,,Successful,Bulrush (Schoenoplectus spp.),80,80,missed,~4/20/2020,~5/2/2020,5/12/2020,6/15/2020,ND,ND,,42,OK,
24130,Sacramento National Wildlife Refuge Complex,2021 Colusa NWR 27-1,2021 Colusa NWR T27-1&2 p1,4/21/2021,6/26/2021,Simple,,Successful,"Bulrush, cattails",Unknown,Unknown,5/11/2021,~5/21/2021,~6/2/2021,~6/13/2021,~6/17/2021,ND,ND,,43,OK,
24221,Sacramento National Wildlife Refuge Complex,2021 Colusa NWR 27-2,2021 Colusa NWR T27-2S p1,4/21/2021,6/21/2021,Unknown,,Unknown,"Bulrush, cattails","10,000",10000,5/19/2021,~6/1/2021,~6/13/2021,ND,ND,ND,ND,,44,OK,
21652,Central Sacramento Valley,2021 Conaway East,2021 Conaway East p1,5/20/2021,7/5/2021,Simple,,Successful,Cattails with bulrush,10000,10000,inf,5/30/2021,6/11/2021,6/20/2021,ND,ND,ND,2021 Conaway South:,45,OK,
24652,Central Sacramento Valley,2021 Conaway South,2021 Conaway South p1,5/20/2021,7/5/2021,Simple,,Successful,Cattails with bulrush,10000,10000,inf,5/29/2021,6/10/2021,6/23/2021,7/1/2021,ND,ND,,46,OK,
21591,Central Sacramento Valley,2021 Conaway West,2021 Conaway West p1,5/12/2021,6/28/2021,Simple,,Successful,Cattails with bulrush,10000,10000,inf,5/21/2021,6/2/2021,6/13/2021,ND,ND,ND,2021 Conaway South:,47,OK,
24122,CNLM,2021 Dagnino Pond,2021 Dagnino Pond p1,4/29/2021,7/12/2021,No Colony,,No Colony,"Bulrush, cattails, Mustard",No Colony,No Colony,ND,ND,ND,ND,ND,ND,ND,,48,OK,
21681,Solano County,2021 Creed Road,2021 Denverton Creek p1,2/2/2021,5/12/2021,No Colony,,No Colony,Himalayan blackberry,1000,1000,ND,ND,ND,ND,ND,ND,ND,,49,OK,
24651,Central Sacramento Valley,2021 Reeds Creek North,2021 Erle Road-Reeds Creek North p1,5/4/2021,5/20/2021,Unknown,,Abandoned,"Himalayan blackberry, lettuce",1000,1000,inf,ND,ND,ND,ND,5/14/2021,ND,2021 Erle Road-Reeds Creek South:,50,OK,
24653,Central Sacramento Valley,2021 Reeds Creek South,2021 Erle Road-Reeds Creek South p1,5/4/2021,5/20/2021,Unknown,,Unknown,Himalayan blackberry,1500,1500,inf,5/6/2021,5/18/2021,ND,ND,ND,ND,,51,OK,
21668,Central Sacramento Valley,2021 Foley Ranch,2021 Virginia at Ostrom p1,5/4/2021,6/14/2021,Sequential,,Successful,Himalayan blackberry,10000,10000,inf,4/30/2021,5/12/2021,5/24/2021,ND,ND,ND,,52,OK,
21668,Central Sacramento Valley,2021 Foley Ranch,2021 Virginia at Ostrom p2,5/4/2021,6/14/2021,Sequential,,Unknown,Himalayan blackberry,10000,10000,5/23/2021,6/1/2021,6/13/2021,ND,ND,ND,ND,,52,OK,
21688,Central Sacramento Valley,2021 Hale Road 2,2021 Hale Road 2 p1,5/4/2021,6/14/2021,Simple,,Successful,"Himalayan blackberry, bulrush",7000,7000,inf,5/2/2021,5/14/2021,5/28/2021,6/4/2021,ND,ND,,53,OK,
11101,Solano County,2021 Hay Landfill,2021 Hay Landfill p1,2/2/2021,5/8/2021,Unknown,,Unknown,"Bulrush, cattails",4000,4000,2/16/2021,4/13/2021,4/25/2021,ND,ND,ND,ND,,54,OK,
24658,Iron Point,2021 Iron Point,2021 Iron Point p1,2/2/2021,5/14/2021,Unknown,,Abandoned,Himalayan blackberry,No Colony,No Colony,4/2/2021,4/22/2021,~5/4/2021,ND,ND,ND,ND,,55,REVIEW,"Outcome is Abandoned, but abandon date is blank or ND."
24606,Southern Sierra Research Station,2021 Kern 1,2021 Kern 1 p1,4/9/2021,8/5/2021,Simple,,Successful,"Stinging nettle, mulefat",NEED,NEED,missed,5/20/2021,6/1/2021,ND,ND,ND,ND,,56,OK,
24544,Southern Sierra Research Station,2021 Kern 2,2021 Kern 2 p1,4/6/2021,7/30/2021,No Colony,,No Colony,Cattails,No Colony,No Colony,ND,ND,ND,ND,ND,ND,ND,,57,OK,
24641,Southern Sierra Research Station,2021 Kern 3,2021 Kern 3 p1,4/6/2021,8/5/2021,No Colony,,No Colony,Bulrush,No Colony,No Colony,ND,ND,ND,ND,ND,ND,ND,,58,OK,
24655,Southern Sierra Research Station,2021 Kern 4,2021 Kern 4 p1,4/19/2021,8/10/2021,Simple,,Partially Abandoned,Stinging nettle,NEED,NEED,missed,~5/1/2021,~5/13/2021,~5/27/2021,~6/12/2021,ND,5/7/2021,,59,OK,
26534,Southern Sierra Research Station,2021 Kern 5,2021 Kern 5 p1,4/27/2021,8/17/2021,Complex,"Asynchronous, Sequential",Successful,Himalayan blackberry,NEED,NEED,inf,~4/13/2021,~4/25/2021,5/8/2021,6/17/2021,ND,ND,,60,OK,
26534,Southern Sierra Research Station,2021 Kern 5,2021 Kern 5 p2,4/27/2021,8/17/2021,Complex,"Asynchronous, Sequential",Successful,Himalayan blackberry,NEED,NEED,ND,ND,ND,ND,ND,ND,ND,,60,REVIEW,"p2Outcome is 'Successful', but all exported date fields are blank or ND."
26535,Southern Sierra Research Station,2021 Kern 6,2021 Kern 6 p1,5/1/2021,8/21/2021,No TRBL,,No TRBL,Cattails,No Colony,No Colony,ND,ND,ND,ND,ND,ND,ND,,61,OK,
26536,Southern Sierra Research Station,2021 Kern 7,2021 Kern 7 p1,5/17/2021,9/1/2021,Unknown,,Abandoned,Stinging nettle,NEED,NEED,inf,5/19/2021,5/31/2021,ND,ND,6/5/2021,ND,,62,OK,
26432,Markham Ravine,2021 Markham Ravine,2021 Markham Ravine p1,4/30/2021,6/23/2021,No TRBL,,No TRBL,"Himalayan blackberry, willow",No Colony,No Colony,ND,ND,ND,ND,ND,ND,ND,,63,OK,
24252,Placer County,2021 Orchard Creek,2021 Orchard Creek p1,4/19/2021,7/4/2021,Additions,,Successful,Himalayan blackberry,2500,2500,inf,4/19/2021,5/1/2021,5/15/2021,~5/31/2021,ND,ND,,64,OK,
24252,Placer County,2021 Orchard Creek,2021 Orchard Creek p2,4/19/2021,7/4/2021,Additions,,Successful,Himalayan blackberry,2500,2500,inf,5/13/2021,5/25/2021,~6/3/2021,6/17/2021,ND,ND,,64,OK,
24233,CNLM,2021 Panoche Creek Preserve 1W,2021 Panoche Creek Marsh East 1 p1,4/1/2021,7/14/2021,Simple,,Partially Abandoned,Cattails,3500,3500,4/5/2021,4/22/2021,5/4/2021,~5/23/2021,~5/25/2021,ND,4/30/2021,2021 Panoche Creek Marsh East 2: These were definitely in the same colony. 1E had much better data,65,OK,
24232,CNLM,2021 Panoche Creek Preserve 2E,2021 Panoche Creek Marsh East 2 p1,4/1/2021,7/14/2021,Simple,,Successful,Cattails,3500,3500,inf,4/20/2021,5/2/2021,5/18/2021,5/22/2021,ND,ND,,66,OK,
21537,Central Sacramento Valley,2021 Plumas Arboga,2021 Plumas Arboga p1,5/14/2021,6/4/2021,Unknown,,Unknown,Cattails with Himalayan blackberry,2000,2000,inf,5/15/2021,5/27/2021,ND,ND,ND,ND,,67,OK,
24119,Rancho Jamul,2021 Rancho Jamul,2021 Rancho Jamul p1,3/19/2021,6/5/2021,Asynchronous,,Successful,"Cattails, bulrush or tule",NEED,NEED,ND,ND,ND,ND,ND,ND,ND,,68,REVIEW,"p1Outcome is 'Successful', but all exported date fields are blank or ND."
24231,Placer County,2021 Rodeo Grounds 1,2021 Rodeo Grounds p1,4/19/2021,6/13/2021,Simple,,Successful,Himalayan blackberry,40,40,inf,4/20/2021,5/2/2021,5/11/2021,5/24/2021,ND,ND,,69,OK,
24549,Solano County,2021 Rush Ranch,2021 Rush Ranch p1,2/2/2021,5/13/2021,No Colony,,No Colony,No Colony,No Colony,No Colony,ND,ND,ND,ND,ND,ND,ND,,70,OK,
25171,San Jacinto Wildlife Area,2021 SJWA,2021 San Jacinto Wildlife Area - Bridge Street Pond p1,6/2/2021,6/30/2021,Unknown,,Abandoned,"Bulrush, cattails",500,500,inf,6/3/2021,6/15/2021,ND,ND,6/23/2021,ND,,71,OK,
11100,Sedgwick,2021 Sedgwick,2021 Sedgwick Reserve Pond p1,3/6/2021,5/6/2021,Unknown,,Unknown,Cattails,250,250,4/4/2021,4/16/2021,4/28/2021,ND,ND,ND,ND,,72,OK,
24107,CNLM,2021 Willey Wetlands 1,2021 Willey Wetlands 1 p1,6/10/2021,8/17/2021,Simple,,Successful,"Bulrush, cattails",100-500,300,inf,6/8/2021,6/20/2021,~7/2/2021,~7/12/2021,ND,ND,2021 Willey Wetlands 3:,73,OK,
24261,CNLM,2021 Willey Wetlands 2,2021 Willey Wetlands 2 p1,6/10/2021,8/17/2021,Simple,,Successful,"Bulrush, cattails",100-500,300,inf,6/2/2021,6/14/2021,6/28/2021,7/6/2021,ND,ND,,74,OK,
24263,CNLM,2021 Willey Wetlands 3,2021 Willey Wetlands 3 p1,6/10/2021,8/15/2021,Simple,,Successful,"Bulrush, cattails",100-500,300,inf,inf,inf,6/24/2021,7/9/2021,ND,ND,,75,OK,
24790,Wind Wolves Preserve,2021 Wind Wolves Preserve,2021 Wind Wolves Preserve p1,4/14/2021,7/20/2021,Simple,,Successful,Stinging nettle,NEED,NEED,4/21/2021,5/2/2021,5/14/2021,5/28/2021,6/24/2021,ND,ND,,76,OK,
34485,Baja,2022 Baja 1,2022 Baja Ciénega Redonda North p1,3/23/2022,7/12/2022,Simple,,Successful,Cattails,300-400,350,inf,4/2/2022,4/14/2022,4/29/2022,5/18/2022,ND,ND,,77,OK,
53136,Baja,2022 Baja 2,2022 Baja Ciénega Redonda North 2 p1,3/23/2022,7/17/2022,Simple,,Successful,Cattails,300-400,350,inf,4/3/2022,4/15/2022,4/30/2022,5/18/2022,ND,ND,2022 Baja Ciénega Redonda North: Had less detections than Baja 1. Keep Baja 1.,78,OK,
34044,Sacramento National Wildlife Refuge Complex,2022 Colusa NWR T27.1,2022 Colusa NWR T27-1&2 p1,4/18/2022,8/4/2022,No TRBL,,No TRBL,"Bulrush, cattails",No Colony,No Colony,ND,ND,ND,ND,ND,ND,ND,,79,OK,
34079,Sacramento National Wildlife Refuge Complex,2022 Colusa NWR T27.2,2022 Colusa NWR T27-2S p1,4/18/2022,8/4/2022,Simple,,Successful,"Bulrush, cattails",3000,3000,missed,5/19/2022,5/31/2022,6/13/2022,6/20/2022,ND,ND,,80,OK,
34111,Central Sacramento Valley,2022 Conaway New Easement Pond West,2022 Conaway New Easement Pond West p1,5/11/2022,6/13/2022,No TRBL,,No TRBL,Cattails with bulrush,No Colony,No Colony,ND,ND,ND,ND,ND,ND,ND,,81,OK,
34112,Central Sacramento Valley,2022 Conaway North,2022 Conaway North p1,5/4/2022,6/28/2022,Simple,,Successful,"Cattails, Himalayan blackberry, willow",15000,15000,inf,5/9/2022,5/21/2022,5/31/2022,6/19/2022,ND,ND,,82,OK,
34113,Central Sacramento Valley,2022 Conaway North A,2022 Conaway North A p1,5/4/2022,6/28/2022,Simple,,Successful,"Cattails, Himalayan blackberry, willow",15000,15000,inf,5/10/2022,5/22/2022,6/1/2022,6/16/2022,ND,ND,2022 Conaway North:,83,OK,
34115,Central Sacramento Valley,2022 Conaway East,2022 Conaway Ranch Reservoir p1,5/9/2022,6/28/2022,Simple,,Partially Abandoned,Himalayan blackberry,Unknown,Unknown,inf,5/11/2022,5/23/2022,~6/7/2022,6/17/2022,ND,5/20/2022,,84,OK,
34078,Solano County,2022 Creed Road,2022 Denverton Creek p1,2/13/2022,8/20/2022,Simple,,Successful,Himalayan blackberry,1000,1000,3/13/2022,4/3/2022,4/15/2022,4/28/2022,5/20/2022,ND,ND,,85,OK,
34118,Central Sacramento Valley,2022 Foley Ranch A,2022 Virginia at Ostrom A p1,4/24/2022,6/6/2022,No Colony,,No Colony,Himalayan blackberry,5000,5000,ND,ND,ND,ND,ND,ND,ND,,86,OK,
34119,Central Sacramento Valley,2022 Foley Ranch B,2022 Virginia at Ostrom B p1,4/24/2022,6/6/2022,No Colony,,No Colony,Himalayan blackberry,5000,5000,ND,ND,ND,ND,ND,ND,ND,2022 Foley Ranch A:,87,OK,
33966,Solano County,2022 Hay Landfill,2022 Hay Landfill p1,2/13/2022,9/9/2022,Sequential,,Partially Abandoned,"Bulrush, cattails",4000,4000,2/24/2022,3/31/2022,4/12/2022,4/27/2022,5/15/2022,ND,ND,,88,REVIEW,"Outcome is Partially Abandoned, but abandon date does not end with P/p."
33966,Solano County,2022 Hay Landfill,2022 Hay Landfill p2,2/13/2022,9/9/2022,Sequential,,Successful,"Bulrush, cattails",4000,4000,5/4/2022,5/7/2022,5/19/2022,6/1/2022,6/27/2022,ND,ND,,88,OK,
34077,Monterey,2022 Laguna Seca,2022 Laguna Seca p1,3/20/2022,7/11/2022,Sequential,,Successful,"Bulrush, cattails",Unknown,Unknown,inf,4/3/2022,4/15/2022,ND,ND,ND,ND,,89,OK,
34077,Monterey,2022 Laguna Seca,2022 Laguna Seca p2,3/20/2022,7/11/2022,Sequential,,Unknown,"Bulrush, cattails",Unknown,Unknown,5/3/2022,5/13/2022,5/25/2022,ND,ND,ND,ND,,89,OK,
34117,Los Vaqueros,2022 Los Vaqueros Reservoir,2022 Los Vaqueros Playa p1,4/15/2022,6/8/2022,Unknown,,Successful,Himalayan blackberry,400-500,450,inf,4/7/2022,4/19/2022,5/1/2022,5/24/2022,ND,ND,,90,OK,
34076,Los Vaqueros,2022 Marsh Creek Reservoir,2022 Marsh Creek Reservoir p1,4/15/2022,6/8/2022,No TRBL,,No TRBL,Cattails,No Colony,No Colony,ND,ND,ND,ND,ND,ND,ND,,91,OK,
34075,San Bernardino,2022 Newberry Springs - Lake Wainani,2022 Newberry Springs - Lake Wainani p1,5/12/2022,5/20/2022,Unknown,,Successful,"Cattails, willows",500,500,inf,inf,inf,ND,ND,ND,ND,,92,OK,
33851,Oregon,2022 OR1,2022 Oregon State - Warm Springs Dizney Lane p1,4/18/2022,6/9/2022,No Colony,,No Colony,"Cattails, Himalayan blackberry",50,50,ND,ND,ND,ND,ND,ND,ND,,93,OK,
34073,Oregon,2022 OR2,2022 Oregon State - Prineville Woodward Rd p1,4/24/2022,6/3/2022,Simple,,Successful,Cattails,40-80,60,missed,~5/4/2022,~5/16/2022,~5/28/2022,ND,ND,ND,,94,OK,
34071,CNLM,2022 Paicines Ranch - Teal Pond,2022 Paicines Ranch - Teal Pond p1,4/10/2022,8/6/2022,Simple,,Successful,"Bulrush, cattails",4000,4000,inf,4/10/2022,4/22/2022,5/6/2022,5/27/2022,ND,ND,,95,OK,
34072,CNLM,2022 Paicines Ranch - Teal Pond B,2022 Paicines Ranch - Teal Pond B p1,4/11/2022,8/3/2022,Simple,,Successful,"Bulrush, cattails",4000,4000,inf,4/13/2022,4/25/2022,5/9/2022,6/2/2022,ND,ND,2022 Paicines Ranch - Teal Pond:,96,OK,
52598,CNLM,2022 Panoche Creek Preserve Loc4,2022 Panoche Creek Marsh East 1 p1,3/22/2022,4/14/2022,No Colony,,No Colony,Cattails,4500,4500,ND,ND,ND,ND,ND,ND,ND,,97,OK,
34130,CNLM,2022 Panoche Creek Preserve Loc5,2022 Panoche Creek Marsh East 2 p1,4/14/2022,6/23/2022,Simple,,Successful,Cattails,4500,4500,inf,4/8/2022,4/20/2022,5/1/2022,5/16/2022,ND,ND,,98,OK,
52597,CNLM,2022 Panoche Creek Preserve Loc3,2022 Panoche Creek Preserve Location 3 p1,3/18/2022,6/23/2022,Simple,,Successful,NEED,4500,4500,inf,4/8/2022,4/20/2022,5/3/2022,5/18/2022,ND,ND,,99,OK,
34012,Central Sacramento Valley,2022 Plumas Arboga East,2022 Plumas Arboga 6 East p1,5/4/2022,6/28/2022,Complex,"Asynchronous, Sequential",Successful,Himalayan blackberry,9000,9000,inf,inf,inf,5/12/2022,6/1/2022,ND,ND,,100,OK,
34012,Central Sacramento Valley,2022 Plumas Arboga East,2022 Plumas Arboga 6 East p2,5/4/2022,6/28/2022,Complex,"Asynchronous, Sequential",Successful,Himalayan blackberry,9000,9000,ND,5/10/2022,5/22/2022,6/7/2022,ND,ND,ND,,100,OK,
34013,Central Sacramento Valley,2022 Plumas Arboga West,2022 Plumas Arboga 6 West p1,5/11/2022,6/28/2022,Simple,,Successful,Himalayan blackberry,9000,9000,inf,5/12/2022,5/24/2022,5/31/2022,ND,ND,ND,2022 Plumas Arboga 6 East:,101,OK,
34131,Dairies,2022 Private Site 1 - not real lat lon,2022 Private Site 1 - approximate lat lon p1,4/19/2022,6/3/2022,Asynchronous,,Successful,Triticale,"35,000",35000,inf,4/18/2022,4/30/2022,5/8/2022,5/28/2022,ND,ND,,102,OK,
34133,Dairies,2022 Private Site 2 - not real lat lon,2022 Private Site 2 - approximate lat lon p1,4/19/2022,5/2/2022,Asynchronous,,Successful,Triticale,"15,000",15000,inf,inf,inf,4/25/2022,ND,ND,ND,,103,OK,
34132,Dairies,2022 Private Site 3 - not real lat lon,2022 Private Site 3 - approximate lat lon p1,4/19/2022,6/3/2022,Asynchronous,,Successful,Milk thistle,ND,ND,inf,inf,inf,5/9/2022,5/26/2022,ND,ND,,104,OK,
34045,Rancho Jamul,2022 Rancho Jamul,2022 Rancho Jamul p1,3/2/2022,7/2/2022,Asynchronous,,Successful,NEED,NEED,NEED,3/20/2022,4/2/2022,4/14/2022,4/27/2022,ND,ND,ND,,105,OK,
34046,San Jacinto Wildlife Area,2022 SJWA,2022 San Jacinto Wildlife Area - Bridge Street Pond p1,5/10/2022,6/27/2022,Asynchronous,,Successful,Cattails,800,800,inf,5/17/2022,5/29/2022,~6/11/2022,ND,ND,ND,,106,OK,
34090,Monterey,2022 Ohlone - Santa Lucia Preserve,2022 Santa Lucia Preserve - Ohlone Pond p1,3/21/2022,8/16/2022,Asynchronous,,Successful,Bulrush (Schoenoplectus spp.),50,50,4/5/2022,4/20/2022,5/2/2022,5/12/2022,6/18/2022,ND,ND,,107,OK,
33985,Sedgwick,2022 Sedgwick,2022 Sedgwick Reserve Pond p1,3/20/2022,7/12/2022,Sequential,,Successful,Cattails,200,200,inf,3/29/2022,4/10/2022,4/26/2022,5/7/2022,ND,ND,,108,OK,
33985,Sedgwick,2022 Sedgwick,2022 Sedgwick Reserve Pond p2,3/20/2022,7/12/2022,Sequential,,Successful,Cattails,200,200,5/1/2022,5/9/2022,5/21/2022,6/3/2022,6/12/2022,ND,ND,,108,OK,
33984,Washington,2022 WA Harder Spring,2022 Washington State - Harder Spring p1,3/18/2022,7/13/2022,Additions,,Successful,"Bulrush, cattails, common reed",200,200,4/27/2022,~5/5/2022,~5/17/2022,5/30/2022,6/12/2022,ND,ND,,109,OK,
33984,Washington,2022 WA Harder Spring,2022 Washington State - Harder Spring p2,3/18/2022,7/13/2022,Additions,,Successful,"Bulrush, cattails, common reed",200,200,5/18/2022,5/26/2022,6/7/2022,6/15/2022,6/22/2022,ND,ND,,109,OK,
33845,Washington,2022 WA1,2022 Washington State - McCain Wetands p1,5/27/2022,8/1/2022,Unknown,,Successful,"Bulrush, cattails, common reed",150-200,175,inf,inf,inf,inf,6/1/2022,ND,ND,,110,OK,
34088,Wind Wolves Preserve,2022 Wind Wolves Preserve Pleitito Creek,2022 Wind Wolves Preserve - Pleitito Creek p1,3/11/2022,5/26/2022,No Colony,,No Colony,Stinging nettle,No Colony,No Colony,ND,ND,ND,ND,ND,ND,ND,,112,OK,
34087,Wind Wolves Preserve,2022 Wind Wolves Preserve Santiago Wetlands,2022 Wind Wolves Preserve - Santiago Wetlands p1,2/23/2022,8/17/2022,Asynchronous,,Successful,Stinging nettle,50-100,75,3/7/2022,~4/9/2022,~4/21/2022,5/3/2022,6/3/2022,ND,ND,,113,OK,
48459,Central Sacramento Valley,2023 Laguna Fry Confluence - 45 Sump,2023 45 Sump p1,4/25/2023,6/18/2023,Simple,,Successful,Himalayan blackberry,5500,5500,inf,4/29/2023,5/11/2023,5/21/2023,5/30/2023,ND,ND,,114,OK,
48395,Baja,2023 Baja Rancho Cinega,2023 Baja Ciénega Redonda North p1,4/14/2023,8/22/2023,Unknown,,Successful,Cattails,100-200,150,inf,inf,inf,~5/1/2023,~7/28/2023,ND,ND,,115,OK,
48455,Sacramento National Wildlife Refuge Complex,2023 Colusa NWR T27.1,2023 Colusa NWR T27-1&2 p1,6/1/2023,8/1/2023,Simple,,Partially Abandoned,"Bulrush, cattails","2,000",2000,6/26/2023,7/4/2023,7/16/2023,7/27/2023,7/30/2023,ND,7/24/2023,,116,OK,
58629,Sacramento National Wildlife Refuge Complex,2023 Colusa NWR T27.2,2023 Colusa NWR T27-2S p1,6/1/2023,8/1/2023,Simple,,Successful,"Bulrush, cattails","23,000",23000,inf,6/8/2023,6/20/2023,6/29/2023,7/20/2023,ND,ND,,117,OK,
48473,Central Sacramento Valley,2023 Conaway Ranch - HQ,2023 Conaway Ranch Headquarters p1,5/24/2023,7/5/2023,Simple,,Successful,Himalayan blackberry,5000,5000,5/26/2023,6/1/2023,6/13/2023,6/23/2023,6/30/2023,ND,ND,,118,OK,
48474,Central Sacramento Valley,2023 Conaway Ranch NE,2023 Conaway Ranch NE p1,5/26/2023,7/11/2023,Simple,,Successful,Himalayan blackberry,9000,9000,inf,5/30/2023,6/11/2023,6/25/2023,6/30/2023,6/17/2023P,ND,,119,REVIEW,"Abandon date ends with P/p, but outcome is not Partially Abandoned.; Outcome is Successful, but abandon date has a value."
48477,Central Sacramento Valley,2023 Conaway Ranch North 1,2023 Conaway Ranch North 1 p1,6/8/2023,7/13/2023,Simple,,Successful,"Himalayan blackberry, cattails",10000,10000,ND,6/6/2023,6/18/2023,6/27/2023,ND,ND,ND,,120,OK,
48476,Central Sacramento Valley,2023 Conaway Ranch North 2,2023 Conaway Ranch North 2 p1,6/13/2023,7/27/2023,Simple,,Successful,"Himalayan blackberry, cattails",10000,10000,inf,6/16/2023,6/28/2023,7/7/2023,7/23/2023,ND,ND,,121,OK,
48472,Sacramento National Wildlife Refuge Complex,2023 Delevan T6,2023 Delevan NWR T6 p1,5/30/2023,7/25/2023,No TRBL,,No TRBL,Bulrush,No Colony,No Colony,ND,ND,ND,ND,ND,ND,ND,,122,OK,
48454,Sacramento National Wildlife Refuge Complex,2023 Delevan NWR T43.1,2023 Delevan NWR T43-1 p1,5/16/2023,7/18/2023,No TRBL,,No TRBL,"Bulrush, cattails, Himalayan blackberry",No Colony,No Colony,ND,ND,ND,ND,ND,ND,ND,,123,OK,
48877,Sacramento National Wildlife Refuge Complex,2023 Delevan NWR T43.2,2023 Delevan NWR T43-2 p1,5/16/2023,9/16/2023,No TRBL,,No TRBL,"Bulrush, cattails, Himalayan blackberry",No Colony,No Colony,ND,ND,ND,ND,ND,ND,ND,,124,OK,
48462,Solano County,2023 Creed Rd,2023 Denverton Creek p1,3/12/2023,8/7/2023,Simple,,Abandoned,Himalayan blackberry,1000,1000,4/26/2023,5/9/2023,5/21/2023,ND,ND,5/10/2023,ND,,125,OK,
48463,Central Sacramento Valley,2023 Hale Road,2023 Hale Road p1,4/18/2023,7/8/2023,Sequential,,Successful,"Himalayan blackberry, cattails",10000,10000,5/20/2023,5/25/2023,6/6/2023,6/12/2023,7/6/2023,ND,ND,,126,OK,
48463,Central Sacramento Valley,2023 Hale Road,2023 Hale Road p2,4/18/2023,7/8/2023,Sequential,,Unknown,"Himalayan blackberry, cattails",10000,10000,6/26/2023,7/4/2023,ND,ND,ND,ND,ND,,126,OK,
48468,Central Sacramento Valley,2023 Hale Road Site 2,2023 Hale Road Site 2 p1,4/11/2023,7/8/2023,Simple,,Successful,"Himalayan blackberry, cattails",10000,10000,5/20/2023,5/25/2023,6/6/2023,6/11/2023,7/5/2023,ND,ND,2023 Hale Road:,127,OK,
48457,Iron Point,2023 Iron Point,2023 Iron Point p1,5/9/2023,8/22/2023,Simple,,Partially Abandoned,Himalayan blackberry,600,600,inf,inf,inf,~5/31/2023,~6/9/2023,ND,5/13/2023,,128,OK,
48434,Central Sacramento Valley,2023 Kentucky Lateral,2023 Kentucky Lateral p1,4/15/2023,5/22/2023,Asynchronous,,Successful,Bull thistle,500,500,inf,4/14/2023,4/26/2023,5/12/2023,ND,ND,ND,,129,OK,
48467,Southern Sierra Research Station,2023 Kern - Canebreak Ecological Reserve 4,2023 Kern - Canebreak Ecological Reserve 4 p1,5/25/2023,8/11/2023,No TRBL,,No TRBL,Stinging nettle,No Colony,No Colony,ND,ND,ND,ND,ND,ND,ND,,130,OK,
48470,Southern Sierra Research Station,2023 Kern - HQ2,2023 Kern - Headquarters 2 p1,5/3/2023,8/11/2023,Sequential,,Successful,Sandbar Willow,100,100,5/20/2023,5/27/2023,6/8/2023,6/20/2023,7/3/2023,ND,ND,,131,OK,
48470,Southern Sierra Research Station,2023 Kern - HQ2,2023 Kern - Headquarters 2 p2,5/3/2023,8/11/2023,Sequential,,Successful,Sandbar Willow,100,100,6/23/2023,6/23/2023,7/5/2023,7/19/2023,8/7/2023,ND,ND,,131,OK,
48465,Central Sacramento Valley,2023 Laguna Fry Confluence - Site 1,2023 Laguna Frye Confluence 3 p1,5/9/2023,6/18/2023,Simple,,Successful,"Himalayan blackberry, cattails, tule",17500,17500,inf,5/5/2023,5/17/2023,5/26/2023,~6/1/2023,ND,ND,,132,OK,
48747,Central Sacramento Valley,2023 Weagell Property 1,2023 Laguna Frye Confluence 1 p1,4/19/2023,6/18/2023,Complex,"Additions, Sequential",Successful,"Himalayan blackberry, cattails",17500,17500,inf,4/27/2023,5/9/2023,5/22/2023,continuous,ND,ND,,133,OK,
48747,Central Sacramento Valley,2023 Weagell Property 1,2023 Laguna Frye Confluence 1 p2,4/19/2023,6/18/2023,Complex,"Additions, Sequential",Successful,"Himalayan blackberry, cattails",17500,17500,5/16/2023,5/12/2023,5/24/2023,continuous,6/14/2023,ND,ND,,133,REVIEW,p2mcstart is after p2incstart.
48747,Central Sacramento Valley,2023 Weagell Property 1,2023 Laguna Frye Confluence 1 p3,4/19/2023,6/18/2023,Complex,"Additions, Sequential",Successful,"Himalayan blackberry, cattails",17500,17500,5/18/2023,~5/24/2023,~6/5/2023,6/17/2023,inf,ND,ND,,133,OK,
48458,Central Sacramento Valley,2023 Weagell Property 2,2023 Laguna Frye Confluence 2 p1,4/25/2023,6/18/2023,Sequential,,Successful,"Himalayan blackberry, cattails",17500,17500,inf,5/7/2023,5/19/2023,5/25/2023,6/7/2023,ND,ND,2023 Laguna Frye Confluence 1:,134,OK,
48458,Central Sacramento Valley,2023 Weagell Property 2,2023 Laguna Frye Confluence 2 p2,4/25/2023,6/18/2023,Sequential,,Unknown,"Himalayan blackberry, cattails",17500,17500,6/2/2023,6/9/2023,ND,ND,ND,ND,ND,2023 Laguna Frye Confluence 1:,134,OK,
48428,Los Vaqueros,2023 Los Vaqueros - Walnut Trail Marsh,2023 Los Vaqueros - Walnut Trail Marsh p1,4/7/2023,7/7/2023,Simple,,Abandoned,"Bulrush, cattails",500,500,inf,4/14/2023,4/26/2023,ND,ND,4/30/2023,ND,,136,OK,
48444,Los Vaqueros,2023 Los Vaqueros Reservoir,2023 Los Vaqueros Playa p1,3/24/2023,7/31/2023,Sequential,,Successful,Himalayan blackberry,2000,2000,inf,4/16/2023,4/28/2023,5/6/2023,6/14/2023,ND,ND,,137,OK,
48444,Los Vaqueros,2023 Los Vaqueros Reservoir,2023 Los Vaqueros Playa p2,3/24/2023,7/31/2023,Sequential,,Successful,Himalayan blackberry,2000,2000,5/31/2023,6/3/2023,6/15/2023,6/26/2023,7/17/2023,ND,ND,,137,OK,
48436,Markham Ravine,2023 Markham Ravine,2023 Markham Ravine p1,5/15/2023,7/17/2023,Simple,,Partially Abandoned,"Himalayan blackberry, willow",3000-4000,3500,inf,5/19/2023,5/31/2023,6/16/2023,6/30/2023,ND,5/23/2023,,138,OK,
48446,Merced and San Luis NWR,2023 Merced NWR - Cottonwood,2023 Merced NWR - Cottonwood Trail p1,5/12/2023,6/16/2023,Sequential,,Successful,"Buttonwillow, milk thistle",ND,ND,inf,inf,inf,inf,5/30/2023,ND,ND,,140,OK,
48446,Merced and San Luis NWR,2023 Merced NWR - Cottonwood,2023 Merced NWR - Cottonwood Trail p2,5/12/2023,6/16/2023,Sequential,,Partially Abandoned,"Buttonwillow, milk thistle",ND,ND,inf,~5/12/2023,~5/25/2023,~6/4/2023,ND,ND,6/2/2023,,140,OK,
48490,Merced and San Luis NWR,2023 Merced NWR Deadman Wetland Ditch,2023 Merced NWR - Deadman Wetland Ditch p1,5/23/2023,6/27/2023,Simple,,Abandoned,"Milk thistle, mustard",200,200,inf,5/19/2023,5/31/2023,ND,ND,6/4/2023,ND,,141,OK,
48448,Central Sacramento Valley,2023 North Regional Pond,2023 North Regional Pond p1,3/31/2023,6/2/2023,Simple,,Successful,"Mustard, milk thistle",150,150,~4/7/2023,4/23/2023,5/5/2023,5/20/2023,5/30/2023,ND,ND,,142,OK,
48397,Oregon,2023 OR Dizney Rd,2023 Oregon State - Warm Springs Dizney Lane p1,4/29/2023,7/15/2023,Simple,,Partially Abandoned,"Cattails, Himalayan blackberry",75-100,87,inf,5/7/2023,5/19/2023,~6/3/2023,~6/9/2023,ND,5/25/2023,,143,OK,
48392,Oregon,2023 OR Eureka Rd,2023 Oregon State - Metolius Eureka Lane p1,4/29/2023,7/24/2023,Asynchronous,,Successful,"Cattails, Himalayan blackberry",100,100,missed,5/7/2023,5/19/2023,5/29/2023,6/21/2023,ND,ND,,144,OK,
48445,Oregon,2023 OR Prineville North,2023 Oregon State - Prineville Grimes Rd p1,4/29/2023,7/15/2023,Sequential,,Successful,Cattails,50-75,62,inf,5/3/2023,5/15/2023,5/27/2023,5/29/2023,ND,ND,,145,OK,
48445,Oregon,2023 OR Prineville North,2023 Oregon State - Prineville Grimes Rd p2,4/29/2023,7/15/2023,Sequential,,Successful,Cattails,50-75,62,6/4/2023,6/9/2023,6/21/2023,7/6/2023,7/12/2023,ND,ND,,145,OK,
48796,CNLM,2023 Panoche Creek Preserve - Corrals NW,2023 Panoche Creek Preserve - Corrals North West p1,4/29/2023,6/12/2023,Simple,,Successful,"Fiddleneck, cheeseweed, London rocket, and Chilean chess",400-500,450,inf,inf,inf,5/8/2023,5/14/2023,ND,ND,2023 Panoche Creek Preserve - Corrals South East:,146,OK,
48797,CNLM,2023 Panoche Creek Preserve - Corrals SE,2023 Panoche Creek Preserve - Corrals Southeast p1,4/29/2023,6/12/2023,Simple,,Successful,"Fiddleneck, cheeseweed, London rocket, and Chilean chess",400-500,450,inf,inf,inf,5/7/2023,5/17/2023,ND,ND,,147,OK,
48440,San Bernardino,2023 Peterson Ranch Pond - East,2023 Petersen Ranch Pond - East p1,4/5/2023,7/28/2023,No Colony,,No Colony,Bulrush,No Colony,No Colony,ND,ND,ND,ND,ND,ND,ND,,148,OK,
48461,San Bernardino,2023 Peterson Ranch Pond - West,2023 Petersen Ranch Pond - West p1,4/5/2023,7/28/2023,No Colony,,No Colony,Bulrush,No Colony,No Colony,ND,ND,ND,ND,ND,ND,ND,2023 Peterson Ranch Pond - East:,149,OK,
48475,Central Sacramento Valley,2023 Plumas Arboga 2,2023 Plumas Arboga 2 p1,5/26/2023,7/8/2023,Simple,,Successful,Himalayan blackberry,7000,7000,inf,5/26/2023,6/7/2023,6/17/2023,7/1/2023,ND,ND,,150,OK,
48437,Central Sacramento Valley,2023 Plumas Arboga 8 - North Regional Pond,2023 Plumas Arboga 8 p1,4/21/2023,7/8/2023,Sequential,,Partially Abandoned,Himalayan blackberry,4000,4000,inf,4/24/2023,5/6/2023,5/15/2023,5/24/2023,ND,5/6/2023,,151,OK,
48437,Central Sacramento Valley,2023 Plumas Arboga 8 - North Regional Pond,2023 Plumas Arboga 8 p2,4/21/2023,7/8/2023,Sequential,,Successful,Himalayan blackberry,4000,4000,5/27/2023,6/3/2023,6/15/2023,6/22/2023,ND,ND,ND,,151,OK,
48764,Rancho Jamul,2023 Rancho Jamul North Pond - fix lat lon,2023 Rancho Jamul - North Pond p1,3/27/2023,8/4/2023,Simple,,Successful,NEED,NEED,NEED,4/21/2023,5/4/2023,5/16/2023,5/26/2023,~6/4/2023,ND,ND,,152,OK,
48765,Rancho Jamul,2023 Rancho Jamul Site 1 fix lat lon,2023 Rancho Jamul - Site 1 p1,3/27/2023,8/3/2023,Sequential,,Successful,NEED,NEED,NEED,3/29/2023,4/13/2023,4/25/2023,~5/5/2023,~6/4/2023,ND,ND,,153,OK,
48765,Rancho Jamul,2023 Rancho Jamul Site 1 fix lat lon,2023 Rancho Jamul - Site 1 p2,3/27/2023,8/3/2023,Sequential,,Successful,NEED,NEED,NEED,5/26/2023,~6/4/2023,~6/16/2023,7/2/2023,7/14/2023,ND,ND,,153,OK,
48438,San Jacinto Wildlife Area,2023 Bridge St Pond,2023 San Jacinto Wildlife Area - Bridge St. Pond p1,4/18/2023,5/6/2023,No TRBL,,No TRBL,"Bulrush, cattails",No Colony,No Colony,ND,ND,ND,ND,ND,ND,ND,,154,OK,
48439,San Jacinto Wildlife Area,2023 West of Davis,2023 San Jacinto Wildlife Area West of Davis Road p1,5/6/2023,6/29/2023,Sequential,,Successful,Cattails,1000,1000,inf,inf,inf,inf,~5/11/2023,ND,ND,,155,OK,
48439,San Jacinto Wildlife Area,2023 West of Davis,2023 San Jacinto Wildlife Area West of Davis Road p2,5/6/2023,6/29/2023,Sequential,,Successful,Cattails,1000,1000,inf,5/10/2023,5/22/2023,6/2/2023,6/6/2023,ND,ND,,155,OK,
48464,Merced and San Luis NWR,2023 San Luis NWR - West Bank Creek,2023 San Luis NWR - Fiddleneck Lake p1,5/26/2023,7/12/2023,Simple,,Partially Abandoned,"Milk thistle, mustard",500,500,inf,6/3/2023,6/15/2023,~6/24/2023,~7/5/2023,ND,6/5/2023,,156,OK,
48447,Merced and San Luis NWR,2023 San Luis Bear Creek,2023 San Luis NWR - Tanager Slough p1,6/16/2023,7/24/2023,Simple,,Partially Abandoned,Willows,200-900,550,inf,6/23/2023,7/5/2023,7/15/2023,7/18/2023,ND,6/20/2023,,157,REVIEW,p1abandon is before p1incstart.
48466,Sedgwick,2023 Sedgwick,2023 Sedgwick Reserve Pond p1,3/26/2023,7/29/2023,Asynchronous,,Successful,Cattails,300,300,inf,4/4/2023,4/17/2023,4/29/2023,5/18/2023,ND,ND,,158,OK,
48478,Central Sacramento Valley,2023 South Virginia Road 3,2023 South Virginia Road 3 p1,4/11/2023,6/6/2023,No TRBL,,No TRBL,"Himalayan blackberry, willows",No Colony,No Colony,ND,ND,ND,ND,ND,ND,ND,,159,OK,
48456,Central Sacramento Valley,2023 Virginia at Ostrom,2023 Virginia at Ostrom p1,4/18/2023,6/14/2023,No Colony,,No Colony,"Himalayan blackberry, cattails",No Colony,No Colony,ND,ND,ND,ND,ND,ND,ND,,160,OK,
48398,Washington,2023 WA Harder Spring,2023 Washington State - Harder Spring p1,4/10/2023,8/9/2023,Sequential,,Successful,"Bulrush, cattails, common reed",165,165,missed,missed,missed,6/17/2023,~7/8/2023,ND,ND,,161,OK,
48398,Washington,2023 WA Harder Spring,2023 Washington State - Harder Spring p2,4/10/2023,8/9/2023,Sequential,,Successful,"Bulrush, cattails, common reed",165,165,missed,missed,missed,7/27/2023,~7/30/2023,ND,ND,,161,OK,
48393,Washington,2023 WA McCain Wetlands,2023 Washington State - McCain Wetlands p1,4/10/2023,8/7/2023,Simple,,Partially Abandoned,"Cattails, common reed",200,200,missed,~4/28/2023,~5/10/2023,5/24/2023,6/3/2023,ND,5/21/2023,,162,OK,
48471,Wind Wolves Preserve,2023 Wind Wolves Preserve site 1,2023 Wind Wolves Preserve - Los Lobos p1,4/7/2023,7/25/2023,Asynchronous,,Successful,Stinging nettle,100,100,missed,4/23/2023,5/5/2023,5/17/2023,6/1/2023,ND,ND,,163,OK,
48469,Wind Wolves Preserve,2023 Wind Wolves Preserve Site 2,2023 Wind Wolves Preserve - Santiago Wetlands p1,4/7/2023,7/25/2023,Asynchronous,,Successful,"Cattails, Stinging nettle",300,300,inf,4/19/2023,5/1/2023,5/9/2023,6/12/2023,ND,ND,,164,OK,
65446,Baja,2024 Baja Rancho Cinega Redonda 1,2024 Baja Ciénega Redonda North p1,4/23/2024,8/19/2024,Complex,"Asynchronous, Sequential",Successful,Cattails,300-400,350,inf,inf,inf,5/6/2024,Continuous,ND,ND,,165,OK,
65446,Baja,2024 Baja Rancho Cinega Redonda 1,2024 Baja Ciénega Redonda North p2,4/23/2024,8/19/2024,Complex,"Asynchronous, Sequential",Successful,Cattails,300-400,350,inf,5/13/2024,5/25/2024,Continuous,6/22/2024,ND,ND,,165,OK,
65447,Baja,2024 Baja Rancho Cinega Redonda 2,2024 Baja Ciénega Redonda South p1,4/23/2024,8/1/2024,Sequential,,Successful,Cattails,100,100,inf,4/17/2024,4/29/2024,5/10/2024,6/4/2024,ND,ND,,166,OK,
65447,Baja,2024 Baja Rancho Cinega Redonda 2,2024 Baja Ciénega Redonda South p2,4/23/2024,8/1/2024,Sequential,,Successful,Cattails,100,100,5/12/2024,5/23/2024,6/4/2024,6/12/2024,6/30/2024,ND,ND,,166,OK,
65444,Baja,2024 Baja Lago Mesa Redonda,2024 Baja Lago Mesa Redonda p1,5/2/2024,8/4/2024,Asynchronous,,Successful,Cattails,150,150,inf,inf,inf,inf,Continuous,ND,ND,,167,OK,
65444,Baja,2024 Baja Lago Mesa Redonda,2024 Baja Lago Mesa Redonda p2,5/2/2024,8/4/2024,Asynchronous,,REVIEW_MISSING_OUTCOME,Cattails,150,150,inf,5/10/2024,5/22/2024,Continuous,7/8/2024,ND,ND,,167,REVIEW,p2 has exported pulse date fields but p2Outcome is blank or n/a.; p2Outcome has an unexpected outcome value.
65453,Sacramento National Wildlife Refuge Complex,2024 Colusa NWR T27.1,2024 Colusa NWR T27-1&2 p1,4/24/2024,9/3/2024,Simple,,Partially Abandoned,"Bulrush, cattails",17500,17500,5/25/2024,6/1/2024,6/13/2024,ND,ND,ND,6/19/2024,,168,OK,
65454,Sacramento National Wildlife Refuge Complex,2024 Colusa NWR T27.2,2024 Colusa NWR T27-2S p1,4/24/2024,8/4/2024,No Colony,,No Colony,"Bulrush, cattails",No Colony,No Colony,ND,ND,ND,ND,ND,ND,ND,,169,OK,
63115,CNLM,2024 Dublin Ranch Preserve - Lin Livermore Conservation Area,2024 Dagnino Pond p1,5/21/2024,8/15/2024,Simple,,Successful,"Bulrush, cattails, Mustard",400,400,inf,5/19/2024,5/31/2024,6/9/2024,6/24/2024,ND,ND,,170,OK,
65456,Southern Sierra Research Station,2024 Kern 1 - check lat lon,2024 Kern 1 p1,4/8/2024,8/12/2024,No Colony,,No Colony,NEED,NEED,NEED,ND,ND,ND,ND,ND,ND,ND,,172,OK,
63044,Los Vaqueros,2024 Los Vaqueros Reservoir,2024 Los Vaqueros Playa p1,3/15/2024,6/24/2024,Sequential,,Partially Abandoned,Himalayan blackberry,500,500,inf,4/23/2024,5/5/2024,~5/19/2024,ND,ND,4/26/2024,,173,OK,
63044,Los Vaqueros,2024 Los Vaqueros Reservoir,2024 Los Vaqueros Playa p2,3/15/2024,6/24/2024,Sequential,,Successful,Himalayan blackberry,500,500,5/17/2024,~5/27/2024,~6/8/2024,6/20/2024,ND,ND,ND,,173,OK,
63085,Markham Ravine,2024 Markham Ravine 1,2024 Markham Ravine 1 p1,5/7/2024,5/24/2024,No TRBL,,No TRBL,"Himalayan blackberry, willow",No Colony,No Colony,ND,ND,ND,ND,ND,ND,ND,,174,OK,
63088,Markham Ravine,2024 Markham Ravine 2,2024 Markham Ravine 2 p1,5/7/2024,5/24/2024,No TRBL,,No TRBL,"Himalayan blackberry, willow",No Colony,No Colony,ND,ND,ND,ND,ND,ND,ND,2024 Markham Ravine 1:,175,OK,
63113,Markham Ravine,2024 Markham Ravine 3,2024 Markham Ravine 3 p1,5/7/2024,5/24/2024,No TRBL,,No TRBL,"Himalayan blackberry, willow",No Colony,No Colony,ND,ND,ND,ND,ND,ND,ND,2024 Markham Ravine 1:,176,OK,
63114,Merced and San Luis NWR,2024 Merced NWR - Cottonwood Trail,2024 Merced NWR - Duck Slough Farmfield p1,4/25/2024,7/12/2024,Asynchronous,,Successful,"Milk thistle, mustard",5000,5000,inf,inf,missed,5/17/2024,6/7/2024,ND,ND,,177,OK,
63087,Monterey,2024 Moore Lake - confirm lat lon,2024 Moore's Lake p1,4/10/2024,7/1/2024,No TRBL,,No TRBL,Cattails,No Colony,No Colony,ND,ND,ND,ND,ND,ND,ND,,178,OK,
66012,San Bernardino,2024 Newberry Springs,2024 Newberry Springs  - Croydon Avenue p1,5/27/2024,6/2/2024,Unknown,,Successful,"Cattails, willows",150,150,inf,inf,inf,inf,ND,ND,ND,,179,OK,
77023,Central Sacramento Valley,2024 North Regional Pond,2024 North Regional Pond p1,4/16/2024,6/2/2024,No Colony,,No Colony,"Mustard, milk thistle",6000,6000,ND,ND,ND,ND,ND,ND,ND,,180,OK,
63086,Oregon,2024 OR Eureka Lane,2024 Oregon State -  Metolius Eureka Lane p1,5/4/2024,7/14/2024,No TRBL,,No TRBL,"Cattails, Himalayan blackberry",75-100,87,ND,ND,ND,ND,ND,ND,ND,,181,OK,
65471,CNLM,2024 Panoche Creek Preserve - Dollar Marsh East,2024 Panoche Creek Marsh East p1,4/15/2024,8/1/2024,Simple,,Successful,"Cattails, bulrush",1000-1500,1250,inf,4/17/2024,4/29/2024,5/9/2024,5/31/2024,ND,ND,,182,OK,
65471,CNLM,2024 Panoche Creek Preserve - Dollar Marsh East,2024 Panoche Creek Marsh East p2,4/15/2024,8/1/2024,Simple,,REVIEW_MISSING_OUTCOME,"Cattails, bulrush",1000-1500,1250,ND,~5/23/2024,~6/4/2024,ND,~6/16/2024,ND,ND,,182,REVIEW,p2 has exported pulse date fields but p2Outcome is blank or n/a.; p2Outcome has an unexpected outcome value.
65469,CNLM,2024 Panoche Creek Preserve - Dollar Marsh South,2024 Panoche Creek Marsh South p1,4/16/2024,8/1/2024,Simple,,Successful,"Cattails, bulrush",100-500,300,inf,4/19/2024,5/1/2024,5/18/2024,6/3/2024,ND,ND,2024 Panoche Creek Marsh East:,183,OK,
65470,CNLM,2024 Panoche Creek Preserve - Dollar Marsh West,2024 Panoche Creek Marsh West p1,4/15/2024,8/1/2024,Simple,,Successful,"Cattails, bulrush",100-500,300,inf,4/23/2024,5/5/2024,5/14/2024,5/27/2024,ND,ND,2024 Panoche Creek Marsh East:,184,OK,
63656,Rancho Jamul,2024 Rancho Jamul - Main Pond 1,2024 Rancho Jamul - Main Pond 1 p1,3/26/2024,8/7/2024,Complex,"Asynchronous, Sequential",Successful,NEED,NEED,NEED,inf,ND,ND,5/19/2024,5/28/2024,ND,ND,,185,OK,
63656,Rancho Jamul,2024 Rancho Jamul - Main Pond 1,2024 Rancho Jamul - Main Pond 1 p2,3/26/2024,8/7/2024,Complex,"Asynchronous, Sequential",Successful,NEED,NEED,NEED,5/1/2024,~5/14/2024,~5/26/2024,6/9/2024,7/23/2024,ND,ND,,185,OK,
63657,Rancho Jamul,2024 Rancho Jamul - Main Pond 2,2024 Rancho Jamul - Main Pond 2 p1,3/26/2024,7/6/2024,Complex,"Asynchronous, Sequential",Successful,NEED,NEED,NEED,inf,4/13/2024,4/25/2024,ND,5/27/2024,ND,ND,2024 Rancho Jamul - Main Pond 1:,186,OK,
63657,Rancho Jamul,2024 Rancho Jamul - Main Pond 2,2024 Rancho Jamul - Main Pond 2 p2,3/26/2024,7/6/2024,Complex,"Asynchronous, Sequential",Successful,NEED,NEED,NEED,4/27/2024,5/14/2024,5/26/2024,6/9/2024,ND,ND,ND,2024 Rancho Jamul - Main Pond 1:,186,OK,
63468,Rancho Jamul,2024 Rancho Jamul - North Pond,2024 Rancho Jamul - North Pond p1,3/27/2024,6/22/2024,No Colony,,No Colony,NEED,NEED,NEED,ND,ND,ND,ND,ND,ND,ND,,187,OK,
63089,San Jacinto Wildlife Area,2024 SJWA Thistle NW of Bridge Street Pond,2024 San Jacinto Wildlife Area - Thistle Patch NE of Bridge Street Pond p1,6/5/2024,6/22/2024,Simple,,Successful,Milk thistle,100,100,inf,inf,inf,ND,ND,ND,ND,,188,OK,
63049,Monterey,2024 Ohlone - Santa Lucia Preserve,2024 Santa Lucia Preserve - Ohlone Pond p1,4/10/2024,7/1/2024,Asynchronous,,Successful,Bulrush (Schoenoplectus spp.),250,250,inf,4/20/2024,5/2/2024,5/18/2024,~6/6/2024,ND,ND,,189,OK,
63738,Sedgwick,2024 Sedgwick,2024 Sedgwick Reserve Pond p1,4/4/2024,8/4/2024,Asynchronous,,Successful,Cattails,300,300,inf,4/8/2024,4/20/2024,5/8/2024,6/10/2024,ND,ND,,190,OK,
63116,Washington,2024 WA Harder Spring,2024 Washington State - Harder Spring p1,3/25/2024,8/3/2024,Sequential,,Successful,"Bulrush, cattails, common reed",100,100,missed,5/26/2024,6/7/2024,6/25/2024,7/4/2024,ND,ND,,191,OK,
63116,Washington,2024 WA Harder Spring,2024 Washington State - Harder Spring p2,3/25/2024,8/3/2024,Sequential,,Successful,"Bulrush, cattails, common reed",100,100,missed,7/6/2024,7/18/2024,7/27/2024,ND,ND,ND,,191,OK,
63465,Washington,2024 WA McCain Pond,2024 Washington State - McCain Wetlands p1,3/29/2024,8/9/2024,Simple,,Partially Abandoned,"Cattails, common reed",600,600,missed,~4/20/2024,~5/2/2024,~5/15/2024,~6/3/2024,ND,5/15/2024,,192,OK,
65481,Wind Wolves Preserve,2024 Wind Wolves Preserve - Los Lobos,2024 Wind Wolves Preserve - Los Lobos p1,4/30/2024,9/11/2024,Sequential,,Successful,Stinging nettle,100,100,inf,inf,inf,5/11/2024,5/14/2024,ND,ND,,193,OK,
65481,Wind Wolves Preserve,2024 Wind Wolves Preserve - Los Lobos,2024 Wind Wolves Preserve - Los Lobos p2,4/30/2024,9/11/2024,Sequential,,Successful,Stinging nettle,100,100,inf,5/8/2024,5/21/2024,6/2/2024,6/14/2024,ND,ND,,193,OK,
65482,Wind Wolves Preserve,2024 Wind Wolves Preserve - Pleitito,2024 Wind Wolves Preserve - Pleitito Creek p1,4/26/2024,8/11/2024,Complex,"Asynchronous, Sequential",Successful,Stinging nettle,20-50,35,inf,inf,~4/18/2024,4/30/2024,ND,ND,ND,,194,OK,
65482,Wind Wolves Preserve,2024 Wind Wolves Preserve - Pleitito,2024 Wind Wolves Preserve - Pleitito Creek p2,4/26/2024,8/11/2024,Complex,"Asynchronous, Sequential",Successful,Stinging nettle,20-50,35,missed,5/13/2024,5/25/2024,6/11/2024,6/17/2024,ND,ND,,194,OK,
65483,Wind Wolves Preserve,2024 Wind Wolves Preserve - Santiago,2024 Wind Wolves Preserve - Santiago Wetlands p1,4/30/2024,8/31/2024,Asynchronous,,Successful,"Cattails, Stinging nettle",250-300,275,inf,inf,inf,5/3/2024,7/2/2024,ND,ND,,195,OK,
65480,Wind Wolves Preserve,2024 Wind Wolves Preserve - Tevis,2024 Wind Wolves Preserve - Tevis p1,4/30/2024,9/24/2024,Simple,,Successful,Stinging nettle,5-10,7,inf,4/21/2024,5/3/2024,5/17/2024,6/8/2024,ND,ND,,196,OK,
