Site ID,Site_Name,Pulse Name,Outcome,ARI_Status,ARI_Class,ARI_Class_Threshold,ARI_Female_Denominator_Confidence,Breeding Type,Complex Types,Hatch_Date,Substrate,Approx Colony Size,Deployment Start,Deployment End,ARI_Window_Female_Start,ARI_Window_Female_End,Incubation_Days,ARI_Total_Female_Recordings,Female_Detection_Recordings,Avg_Female_Calls_Per_Rec,ARI_Window_Nestling_Start,ARI_Window_Nestling_End,Nestling_Days,ARI_Total_Nestling_Recordings,Nestling_Detection_Recordings,Avg_Nestling_Calls_Per_Rec,ARI,Fledgling_Window_Start,Fledgling_Window_End,Fledgling_Days,Fledgling_Total_Recordings,Fledgling_Detection_Recordings,Avg_Fledgling_Calls_Day,Fledglings_Present,Latest_Fledgling_Rec
2059,2017 Rush Ranch,2017 Rush Ranch p1,Abandoned,Numeric,No detected offspring acoustic evidence,0.5,Moderate female denominator,Sequential,,4/29/2017,"Bulrush, cattails",800,3/2/2017,7/24/2017,04/20/2017,04/26/2017,7,273,7,0.026,05/03/2017,05/09/2017,7,273,0,0.0,0.0,05/08/2017,05/15/2017,8,312,0,0.0,No,ND
2059,2017 Rush Ranch,2017 Rush Ranch p2,Successful,Numeric,High offspring acoustic activity,0.5,Stable female denominator,Sequential,,5/30/2017,"Bulrush, cattails",800,3/2/2017,7/24/2017,05/21/2017,05/27/2017,7,273,150,0.549,06/03/2017,06/09/2017,7,225,127,0.564,1.027,06/08/2017,06/15/2017,8,312,33,0.106,Yes,06/15/2017
2059,2017 Rush Ranch,2017 Rush Ranch p3,Successful,Numeric,Reduced offspring acoustic activity,0.5,Stable female denominator,Sequential,,6/29/2017,"Bulrush, cattails",800,3/2/2017,7/24/2017,06/20/2017,06/26/2017,7,273,90,0.33,07/03/2017,07/09/2017,7,138,16,0.116,0.352,07/08/2017,07/15/2017,8,234,2,0.009,Yes,07/13/2017
3150,2018 Iron Point,2018 Iron Point p1,No Colony,NHD,Not ARI-scorable,0.5,No female denominator,No Colony,,NHD,Himalayan blackberry,2000,4/22/2018,5/19/2018,ND,ND,0,0,0,0.0,ND,ND,0,0,0,0.0,NHD,ND,ND,0,0,0,0.0,No,NHD
3348,2018 Markham Ravine Main,2018 Markham Ravine p1,Successful,NHD,Not ARI-scorable,0.5,No female denominator,Unknown,,NHD,Himalayan blackberry,1000,6/26/2018,7/23/2018,ND,ND,0,0,0,0.0,ND,ND,0,0,0,0.0,NHD,ND,ND,0,0,0,0.0,No,NHD
3366,2018 Markham Ravine westside,2018 Markham Ravine - West p1,Successful,NHD,Not ARI-scorable,0.5,No female denominator,Unknown,,NHD,Himalayan blackberry,1000,6/26/2018,7/13/2018,ND,ND,0,0,0,0.0,ND,ND,0,0,0,0.0,NHD,ND,ND,0,0,0,0.0,No,NHD
3281,2018 Red Wing Ranch,2018 Yankee Slough Ranch Preserve p1,Abandoned,ND_INVALID_BREEDING_TYPE,Not ARI-scorable,0.5,Stable female denominator,Unknown,,5/17/2018,"Himalayan blackberry, Bulrush, cattails",3000,5/4/2018,6/4/2018,05/08/2018,05/14/2018,7,273,122,0.447,05/21/2018,05/27/2018,7,273,0,0.0,ND_INVALID_BREEDING_TYPE,05/26/2018,06/02/2018,8,311,0,0.0,No,ND
2719,2018 Rush Ranch,2018 Rush Ranch p1,Successful,Numeric,High offspring acoustic activity,0.5,Stable female denominator,Simple,,5/26/2018,"Bulrush, cattails",2000,2/9/2018,6/26/2018,05/17/2018,05/23/2018,7,546,39,0.071,05/30/2018,06/05/2018,7,273,19,0.07,0.986,06/04/2018,06/11/2018,8,311,4,0.013,Yes,06/11/2018
3682,2018 SJWA-rose-2,2018 San Jacinto Wildlife Area - Bridge St. Pond p1,Abandoned,NHD,Not ARI-scorable,0.5,No female denominator,Unknown,,NHD,"Bulrush, cattails",30000,4/10/2018,4/27/2018,ND,ND,0,0,0,0.0,ND,ND,0,0,0,0.0,NHD,ND,ND,0,0,0,0.0,No,NHD
3417,2018 SJWA-rose-1,2018 San Jacinto Wildlife Area - Little Ramona p1,No Colony,NHD,Not ARI-scorable,0.5,No female denominator,No Colony,,NHD,"Bulrush, cattails",30000,4/2/2018,4/10/2018,ND,ND,0,0,0,0.0,ND,ND,0,0,0,0.0,NHD,ND,ND,0,0,0,0.0,No,NHD
82621,2018 SJWA WSS,2018 SJWA Little Ramona p1,Abandoned,ND_INVALID_BREEDING_TYPE,Not ARI-scorable,0.5,Moderate female denominator,Unknown,,4/30/2018,"Bulrush, cattails",30000,4/2/2018,5/1/2018,04/21/2018,04/27/2018,7,273,7,0.026,05/04/2018,05/01/2018,0,0,0,0.0,ND_INVALID_BREEDING_TYPE,05/09/2018,05/01/2018,0,0,0,0.0,No,ND
5642,2019 Colusa NWR 27-1,2019 Colusa NWR T27-1N p1,Successful,NHD,Not ARI-scorable,0.5,No female denominator,Simple,,NHD,"Bulrush, cattails",20000,5/27/2019,8/12/2019,ND,ND,0,0,0,0.0,ND,ND,0,0,0,0.0,NHD,ND,ND,0,0,0,0.0,No,NHD
5643,2019 Colusa NWR 27-2,2019 Colusa NWR T27-2S p1,Partially Abandoned,Numeric,Reduced offspring acoustic activity,0.5,Stable female denominator,Simple,,5/29/2019,"Bulrush, cattails",200,5/21/2019,6/18/2019,05/21/2019,05/26/2019,6,206,25,0.121,06/02/2019,06/08/2019,7,249,2,0.008,0.066,06/07/2019,06/14/2019,8,291,1,0.003,Yes,06/14/2019
4455,2019 Creed Road,2019 Denverton Creek p1,Successful,Numeric,High offspring acoustic activity,0.5,Stable female denominator,Sequential,,5/10/2019,Himalayan blackberry,1000,3/17/2019,7/7/2019,05/01/2019,05/07/2019,7,287,57,0.199,05/14/2019,05/20/2019,7,287,35,0.122,0.613,05/19/2019,05/26/2019,8,328,69,0.21,Yes,05/26/2019
4455,2019 Creed Road,2019 Denverton Creek p2,Abandoned,Numeric,No detected offspring acoustic evidence,0.5,Low female denominator,Sequential,,6/4/2019,Himalayan blackberry,1000,3/17/2019,7/7/2019,05/26/2019,06/01/2019,7,285,5,0.018,06/08/2019,06/14/2019,7,287,0,0.0,0.0,06/13/2019,06/20/2019,8,328,0,0.0,No,ND
4456,2019 Hay Landfill,2019 Hay Landfill p1,Successful,Numeric,High offspring acoustic activity,0.5,Stable female denominator,Sequential,,4/27/2019,"Bulrush, cattails",4000,4/8/2019,7/7/2019,04/18/2019,04/24/2019,7,287,90,0.314,05/01/2019,05/07/2019,7,287,52,0.181,0.576,05/06/2019,05/13/2019,8,328,9,0.027,Yes,05/13/2019
4456,2019 Hay Landfill,2019 Hay Landfill p2,Partially Abandoned,Numeric,Reduced offspring acoustic activity,0.5,Stable female denominator,Sequential,,6/9/2019,"Bulrush, cattails",4000,4/8/2019,7/7/2019,05/31/2019,06/06/2019,7,287,44,0.153,06/13/2019,06/19/2019,7,287,1,0.003,0.02,06/18/2019,06/25/2019,8,328,9,0.027,Yes,06/25/2019
4979,2019 Iron Point,2019 Iron Point p1,Successful,ND_INVALID_BREEDING_TYPE,Not ARI-scorable,0.5,Stable female denominator,Complex,"Asynchronous, Sequential",5/3/2019,Himalayan blackberry,1500,4/24/2019,8/1/2019,04/24/2019,04/30/2019,7,244,137,0.561,05/07/2019,05/13/2019,7,272,23,0.085,ND_INVALID_BREEDING_TYPE,05/12/2019,05/19/2019,8,310,128,0.413,Yes,05/19/2019
4979,2019 Iron Point,2019 Iron Point p2,Successful,ND_INVALID_BREEDING_TYPE,Not ARI-scorable,0.5,Moderate female denominator,Complex,"Asynchronous, Sequential",6/14/2019,Himalayan blackberry,1500,4/24/2019,8/1/2019,06/05/2019,06/11/2019,7,272,16,0.059,06/18/2019,06/24/2019,7,273,71,0.26,ND_INVALID_BREEDING_TYPE,06/23/2019,06/30/2019,8,312,224,0.718,Yes,06/30/2019
4979,2019 Iron Point,2019 Iron Point p3,Successful,ND_INVALID_BREEDING_TYPE,Not ARI-scorable,0.5,Stable female denominator,Complex,"Asynchronous, Sequential",6/10/2019,Himalayan blackberry,1500,4/24/2019,8/1/2019,06/01/2019,06/07/2019,7,272,60,0.221,06/14/2019,06/20/2019,7,273,120,0.44,ND_INVALID_BREEDING_TYPE,06/19/2019,06/26/2019,8,312,194,0.622,Yes,06/26/2019
4639,2019 Leisure Town,2019 Leisure Town Road p1,Successful,NHD,Not ARI-scorable,0.5,No female denominator,Sequential,,NHD,"Bulrush, cattails",2000,3/17/2019,7/7/2019,ND,ND,0,0,0,0.0,ND,ND,0,0,0,0.0,NHD,ND,ND,0,0,0,0.0,No,NHD
4639,2019 Leisure Town,2019 Leisure Town Road p2,Successful,NHD,Not ARI-scorable,0.5,No female denominator,Sequential,,NHD,"Bulrush, cattails",2000,3/17/2019,7/7/2019,ND,ND,0,0,0,0.0,ND,ND,0,0,0,0.0,NHD,ND,ND,0,0,0,0.0,No,NHD
5637,2019 Markham Ravine,2019 Markham Ravine p1,Partially Abandoned,Numeric,Reduced offspring acoustic activity,0.5,Stable female denominator,Simple,,5/28/2019,"Himalayan blackberry, willow",1500,5/10/2019,7/8/2019,05/19/2019,05/25/2019,7,273,157,0.575,06/01/2019,06/07/2019,7,273,51,0.187,0.325,06/06/2019,06/13/2019,8,312,1,0.003,Yes,06/12/2019
5640,2019 Markham Ravine 2,2019 Markham Ravine 2 p1,Partially Abandoned,Numeric,Reduced offspring acoustic activity,0.5,Stable female denominator,Simple,,5/31/2019,"Himalayan blackberry, willow",10000,5/10/2019,7/8/2019,05/22/2019,05/28/2019,7,273,110,0.403,06/04/2019,06/10/2019,7,273,26,0.095,0.236,06/09/2019,06/16/2019,8,312,2,0.006,Yes,06/11/2019
5638,2019 Rush Ranch,2019 Rush Ranch p1,Abandoned,ND_INVALID_BREEDING_TYPE,Not ARI-scorable,0.5,Moderate female denominator,Unknown,,5/21/2019,"Bulrush, cattails",500,2/6/2019,7/6/2019,05/12/2019,05/18/2019,7,273,17,0.062,05/25/2019,05/31/2019,7,273,0,0.0,ND_INVALID_BREEDING_TYPE,05/30/2019,06/06/2019,8,312,0,0.0,No,ND
7657,2020 Conaway Ranch,2020 Conaway Ranch p1,Successful,ND_INVALID_BREEDING_TYPE,Not ARI-scorable,0.5,Moderate female denominator,Asynchronous,,6/6/2020,Cattails with bulrush,19000,5/18/2020,7/10/2020,05/28/2020,06/03/2020,7,259,7,0.027,06/10/2020,06/16/2020,7,259,0,0.0,ND_INVALID_BREEDING_TYPE,06/15/2020,06/22/2020,8,296,35,0.118,Yes,06/22/2020
2908,2020 Creed Road,2020 Denverton Creek p1,No Colony,NHD,Not ARI-scorable,0.5,No female denominator,No Colony,,NHD,Himalayan blackberry,1000,2/12/2020,7/11/2020,ND,ND,0,0,0,0.0,ND,ND,0,0,0,0.0,NHD,ND,ND,0,0,0,0.0,No,NHD
57589,2020 Fort Ord,2020 Fort Ord p1,Successful,Numeric,High offspring acoustic activity,0.5,Moderate female denominator,Simple,,4/24/2020,"Stinging nettle (Urtica spp.), Poison hemlock (Conium maculatum)",No Colony,4/8/2020,7/15/2020,04/15/2020,04/21/2020,7,259,19,0.073,04/28/2020,05/04/2020,7,259,66,0.255,3.493,05/03/2020,05/10/2020,8,296,12,0.041,Yes,05/10/2020
6199,2020 Hay Landfill,2020 Hay Landfill p1,Successful,ND_INVALID_BREEDING_TYPE,Not ARI-scorable,0.5,Moderate female denominator,Asynchronous,,4/27/2020,"Bulrush, cattails",4000,2/12/2020,7/10/2020,04/18/2020,04/24/2020,7,112,13,0.116,05/01/2020,05/07/2020,7,112,15,0.134,ND_INVALID_BREEDING_TYPE,05/06/2020,05/13/2020,8,128,21,0.164,Yes,05/13/2020
6199,2020 Hay Landfill,2020 Hay Landfill p2,Successful,NHD,Not ARI-scorable,0.5,No female denominator,Asynchronous,,NHD,"Bulrush, cattails",4000,2/12/2020,7/10/2020,ND,ND,0,0,0,0.0,ND,ND,0,0,0,0.0,NHD,ND,ND,0,0,0,0.0,No,NHD
7650,2020 Iron Point,2020 Iron Point p1,No Colony,NHD,Not ARI-scorable,0.5,No female denominator,No Colony,,NHD,Himalayan blackberry,No Colony,4/19/2020,8/5/2020,ND,ND,0,0,0,0.0,ND,ND,0,0,0,0.0,NHD,ND,ND,0,0,0,0.0,No,NHD
6404,2020 Markham Ravine,2020 Markham Ravine p1,Partially Abandoned,Numeric,Reduced offspring acoustic activity,0.5,Stable female denominator,Simple,,5/19/2020,"Himalayan blackberry, willow",1000,4/28/2020,6/24/2020,05/10/2020,05/16/2020,7,259,198,0.764,05/23/2020,05/29/2020,7,259,42,0.162,0.212,05/28/2020,06/04/2020,8,283,8,0.028,Yes,06/04/2020
2915,2020 Rush Ranch,2020 Rush Ranch p1,No Colony,NHD,Not ARI-scorable,0.5,No female denominator,No Colony,,NHD,"Bulrush, cattails",No Colony,2/12/2020,7/10/2020,ND,ND,0,0,0,0.0,ND,ND,0,0,0,0.0,NHD,ND,ND,0,0,0,0.0,No,NHD
18572,2020 Ohlone - Santa Lucia Preserve,2020 Santa Lucia Preserve - Ohlone Pond p1,Successful,Numeric,High offspring acoustic activity,0.5,Stable female denominator,Simple,,5/2/2020,Bulrush (Schoenoplectus spp.),80,3/25/2020,7/18/2020,04/23/2020,04/29/2020,7,111,38,0.342,05/06/2020,05/12/2020,7,112,39,0.348,1.018,05/11/2020,05/18/2020,8,128,39,0.305,Yes,05/18/2020
24130,2021 Colusa NWR 27-1,2021 Colusa NWR T27-1&2 p1,Successful,Numeric,High offspring acoustic activity,0.5,Moderate female denominator,Simple,,6/2/2021,"Bulrush, cattails",Unknown,4/21/2021,6/26/2021,05/24/2021,05/30/2021,7,546,11,0.02,06/06/2021,06/12/2021,7,539,23,0.043,2.15,06/11/2021,06/18/2021,8,580,6,0.01,Yes,06/16/2021
24221,2021 Colusa NWR 27-2,2021 Colusa NWR T27-2S p1,Unknown,ND_INVALID_BREEDING_TYPE,Not ARI-scorable,0.5,Stable female denominator,Unknown,,6/13/2021,"Bulrush, cattails","10,000",4/21/2021,6/21/2021,06/04/2021,06/10/2021,7,546,66,0.121,06/17/2021,06/21/2021,5,317,0,0.0,ND_INVALID_BREEDING_TYPE,06/22/2021,06/21/2021,0,0,0,0.0,No,ND
21652,2021 Conaway East,2021 Conaway East p1,Successful,Numeric,High offspring acoustic activity,0.5,Low female denominator,Simple,,6/11/2021,Cattails with bulrush,10000,5/20/2021,7/5/2021,06/02/2021,06/08/2021,7,273,1,0.004,06/15/2021,06/21/2021,7,273,4,0.015,3.75,06/20/2021,06/27/2021,8,312,125,0.401,Yes,06/27/2021
24652,2021 Conaway South,2021 Conaway South p1,Successful,Numeric,High offspring acoustic activity,0.5,Stable female denominator,Simple,,6/10/2021,Cattails with bulrush,10000,5/20/2021,7/5/2021,06/01/2021,06/07/2021,7,273,85,0.311,06/14/2021,06/20/2021,7,273,105,0.385,1.238,06/19/2021,06/26/2021,8,312,93,0.298,Yes,06/26/2021
21591,2021 Conaway West,2021 Conaway West p1,Successful,Numeric,High offspring acoustic activity,0.5,Low female denominator,Simple,,6/2/2021,Cattails with bulrush,10000,5/12/2021,6/28/2021,05/24/2021,05/30/2021,7,273,1,0.004,06/06/2021,06/12/2021,7,273,8,0.029,7.25,06/11/2021,06/18/2021,8,312,13,0.042,Yes,06/18/2021
24122,2021 Dagnino Pond,2021 Dagnino Pond p1,No Colony,NHD,Not ARI-scorable,0.5,No female denominator,No Colony,,NHD,"Bulrush, cattails, Mustard",No Colony,4/29/2021,7/12/2021,ND,ND,0,0,0,0.0,ND,ND,0,0,0,0.0,NHD,ND,ND,0,0,0,0.0,No,NHD
21681,2021 Creed Road,2021 Denverton Creek p1,No Colony,NHD,Not ARI-scorable,0.5,No female denominator,No Colony,,NHD,Himalayan blackberry,1000,2/2/2021,5/12/2021,ND,ND,0,0,0,0.0,ND,ND,0,0,0,0.0,NHD,ND,ND,0,0,0,0.0,No,NHD
24651,2021 Reeds Creek North,2021 Erle Road-Reeds Creek North p1,Abandoned,NHD,Not ARI-scorable,0.5,No female denominator,Unknown,,NHD,"Himalayan blackberry, lettuce",1000,5/4/2021,5/20/2021,ND,ND,0,0,0,0.0,ND,ND,0,0,0,0.0,NHD,ND,ND,0,0,0,0.0,No,NHD
24653,2021 Reeds Creek South,2021 Erle Road-Reeds Creek South p1,Unknown,ND_INVALID_BREEDING_TYPE,Not ARI-scorable,0.5,Stable female denominator,Unknown,,5/18/2021,Himalayan blackberry,1500,5/4/2021,5/20/2021,05/09/2021,05/15/2021,7,273,161,0.59,05/22/2021,05/20/2021,0,0,0,0.0,ND_INVALID_BREEDING_TYPE,05/27/2021,05/20/2021,0,0,0,0.0,No,ND
21668,2021 Foley Ranch,2021 Virginia at Ostrom p1,Successful,Numeric,High offspring acoustic activity,0.5,Stable female denominator,Sequential,,5/12/2021,Himalayan blackberry,10000,5/4/2021,6/14/2021,05/03/2021,05/09/2021,7,217,122,0.562,05/16/2021,05/22/2021,7,273,187,0.685,1.219,05/21/2021,05/28/2021,8,312,41,0.131,Yes,05/28/2021
21668,2021 Foley Ranch,2021 Virginia at Ostrom p2,Unknown,ND_INSUFFICIENT_DAYS,Not ARI-scorable,0.5,Moderate female denominator,Sequential,,6/13/2021,Himalayan blackberry,10000,5/4/2021,6/14/2021,06/04/2021,06/10/2021,7,273,11,0.04,06/17/2021,06/14/2021,0,0,0,0.0,ND_INSUFFICIENT_DAYS,06/22/2021,06/14/2021,0,0,0,0.0,No,ND
21688,2021 Hale Road 2,2021 Hale Road 2 p1,Successful,Numeric,High offspring acoustic activity,0.5,Stable female denominator,Simple,,5/14/2021,"Himalayan blackberry, bulrush",7000,5/4/2021,6/14/2021,05/05/2021,05/11/2021,7,273,196,0.718,05/18/2021,05/24/2021,7,273,187,0.685,0.954,05/23/2021,05/30/2021,8,312,38,0.122,Yes,05/30/2021
11101,2021 Hay Landfill,2021 Hay Landfill p1,Unknown,ND_INVALID_BREEDING_TYPE,Not ARI-scorable,0.5,Stable female denominator,Unknown,,4/25/2021,"Bulrush, cattails",4000,2/2/2021,5/8/2021,04/16/2021,04/22/2021,7,252,30,0.119,04/29/2021,05/05/2021,7,86,5,0.058,ND_INVALID_BREEDING_TYPE,05/04/2021,05/05/2021,2,16,0,0.0,No,ND
24658,2021 Iron Point,2021 Iron Point p1,Abandoned,ND_INVALID_BREEDING_TYPE,Not ARI-scorable,0.5,No female denominator,Unknown,,5/4/2021,Himalayan blackberry,No Colony,2/2/2021,5/14/2021,04/25/2021,05/01/2021,7,266,0,0.0,05/08/2021,05/14/2021,7,167,0,0.0,ND_INVALID_BREEDING_TYPE,05/13/2021,05/14/2021,2,30,0,0.0,No,ND
24606,2021 Kern 1,2021 Kern 1 p1,Successful,ND_NO_FEMALE_CALLS,Not ARI-scorable,0.5,No female denominator,Simple,,6/1/2021,"Stinging nettle, mulefat",NEED,4/9/2021,8/5/2021,05/23/2021,05/29/2021,7,273,0,0.0,06/05/2021,06/11/2021,7,273,0,0.0,ND_NO_FEMALE_CALLS,06/10/2021,06/17/2021,8,312,0,0.0,No,ND
24544,2021 Kern 2,2021 Kern 2 p1,No Colony,NHD,Not ARI-scorable,0.5,No female denominator,No Colony,,NHD,Cattails,No Colony,4/6/2021,7/30/2021,ND,ND,0,0,0,0.0,ND,ND,0,0,0,0.0,NHD,ND,ND,0,0,0,0.0,No,NHD
24641,2021 Kern 3,2021 Kern 3 p1,No Colony,NHD,Not ARI-scorable,0.5,No female denominator,No Colony,,NHD,Bulrush,No Colony,4/6/2021,8/5/2021,ND,ND,0,0,0,0.0,ND,ND,0,0,0,0.0,NHD,ND,ND,0,0,0,0.0,No,NHD
24655,2021 Kern 4,2021 Kern 4 p1,Partially Abandoned,Numeric,Reduced offspring acoustic activity,0.5,Stable female denominator,Simple,,5/13/2021,Stinging nettle,NEED,4/19/2021,8/10/2021,05/04/2021,05/10/2021,7,273,36,0.132,05/17/2021,05/23/2021,7,273,1,0.004,0.03,05/22/2021,05/29/2021,8,312,0,0.0,No,ND
26534,2021 Kern 5,2021 Kern 5 p1,Successful,ND_INVALID_BREEDING_TYPE,Not ARI-scorable,0.5,No female denominator,Complex,"Asynchronous, Sequential",4/25/2021,Himalayan blackberry,NEED,4/27/2021,8/17/2021,04/16/2021,04/22/2021,7,0,0,0.0,04/29/2021,05/05/2021,7,273,66,0.242,ND_INVALID_BREEDING_TYPE,05/04/2021,05/11/2021,8,312,0,0.0,No,ND
26534,2021 Kern 5,2021 Kern 5 p2,Successful,NHD,Not ARI-scorable,0.5,No female denominator,Complex,"Asynchronous, Sequential",NHD,Himalayan blackberry,NEED,4/27/2021,8/17/2021,ND,ND,0,0,0,0.0,ND,ND,0,0,0,0.0,NHD,ND,ND,0,0,0,0.0,No,NHD
26535,2021 Kern 6,2021 Kern 6 p1,No TRBL,NHD,Not ARI-scorable,0.5,No female denominator,No TRBL,,NHD,Cattails,No Colony,5/1/2021,8/21/2021,ND,ND,0,0,0,0.0,ND,ND,0,0,0,0.0,NHD,ND,ND,0,0,0,0.0,No,NHD
26536,2021 Kern 7,2021 Kern 7 p1,Abandoned,ND_INVALID_BREEDING_TYPE,Not ARI-scorable,0.5,Stable female denominator,Unknown,,5/31/2021,Stinging nettle,NEED,5/17/2021,9/1/2021,05/22/2021,05/28/2021,7,273,29,0.106,06/04/2021,06/10/2021,7,273,0,0.0,ND_INVALID_BREEDING_TYPE,06/09/2021,06/16/2021,8,312,0,0.0,No,ND
26432,2021 Markham Ravine,2021 Markham Ravine p1,No TRBL,NHD,Not ARI-scorable,0.5,No female denominator,No TRBL,,NHD,"Himalayan blackberry, willow",No Colony,4/30/2021,6/23/2021,ND,ND,0,0,0,0.0,ND,ND,0,0,0,0.0,NHD,ND,ND,0,0,0,0.0,No,NHD
24252,2021 Orchard Creek,2021 Orchard Creek p1,Successful,Numeric,High offspring acoustic activity,0.5,Stable female denominator,Additions,,5/1/2021,Himalayan blackberry,2500,4/19/2021,7/4/2021,04/22/2021,04/28/2021,7,273,101,0.37,05/05/2021,05/11/2021,7,273,53,0.194,0.524,05/10/2021,05/17/2021,8,312,37,0.119,Yes,05/17/2021
24252,2021 Orchard Creek,2021 Orchard Creek p2,Successful,Numeric,High offspring acoustic activity,0.5,Stable female denominator,Additions,,5/25/2021,Himalayan blackberry,2500,4/19/2021,7/4/2021,05/16/2021,05/22/2021,7,273,110,0.403,05/29/2021,06/04/2021,7,273,188,0.689,1.71,06/03/2021,06/10/2021,8,312,115,0.369,Yes,06/10/2021
24233,2021 Panoche Creek Preserve 1W,2021 Panoche Creek Marsh East 1 p1,Partially Abandoned,Numeric,No detected offspring acoustic evidence,0.5,Stable female denominator,Simple,,5/4/2021,Cattails,3500,4/1/2021,7/14/2021,04/25/2021,05/01/2021,7,273,86,0.315,05/08/2021,05/14/2021,7,273,0,0.0,0.0,05/13/2021,05/20/2021,8,312,0,0.0,No,ND
24232,2021 Panoche Creek Preserve 2E,2021 Panoche Creek Marsh East 2 p1,Successful,Numeric,Reduced offspring acoustic activity,0.5,Stable female denominator,Simple,,5/2/2021,Cattails,3500,4/1/2021,7/14/2021,04/23/2021,04/29/2021,7,273,123,0.451,05/06/2021,05/12/2021,7,273,56,0.205,0.455,05/11/2021,05/18/2021,8,312,14,0.045,Yes,05/18/2021
21537,2021 Plumas Arboga,2021 Plumas Arboga p1,Unknown,ND_INVALID_BREEDING_TYPE,Not ARI-scorable,0.5,Stable female denominator,Unknown,,5/27/2021,Cattails with Himalayan blackberry,2000,5/14/2021,6/4/2021,05/18/2021,05/24/2021,7,273,145,0.531,05/31/2021,06/04/2021,5,175,52,0.297,ND_INVALID_BREEDING_TYPE,06/05/2021,06/04/2021,0,0,0,0.0,No,ND
24119,2021 Rancho Jamul,2021 Rancho Jamul p1,Successful,NHD,Not ARI-scorable,0.5,No female denominator,Asynchronous,,NHD,"Cattails, bulrush or tule",NEED,3/19/2021,6/5/2021,ND,ND,0,0,0,0.0,ND,ND,0,0,0,0.0,NHD,ND,ND,0,0,0,0.0,No,NHD
24231,2021 Rodeo Grounds 1,2021 Rodeo Grounds p1,Successful,Numeric,High offspring acoustic activity,0.5,Stable female denominator,Simple,,5/2/2021,Himalayan blackberry,40,4/19/2021,6/13/2021,04/23/2021,04/29/2021,7,273,210,0.769,05/06/2021,05/12/2021,7,273,194,0.711,0.925,05/11/2021,05/18/2021,8,312,147,0.471,Yes,05/18/2021
24549,2021 Rush Ranch,2021 Rush Ranch p1,No Colony,NHD,Not ARI-scorable,0.5,No female denominator,No Colony,,NHD,No Colony,No Colony,2/2/2021,5/13/2021,ND,ND,0,0,0,0.0,ND,ND,0,0,0,0.0,NHD,ND,ND,0,0,0,0.0,No,NHD
25171,2021 SJWA,2021 San Jacinto Wildlife Area - Bridge Street Pond p1,Abandoned,ND_INVALID_BREEDING_TYPE,Not ARI-scorable,0.5,Stable female denominator,Unknown,,6/15/2021,"Bulrush, cattails",500,6/2/2021,6/30/2021,06/06/2021,06/12/2021,7,273,97,0.355,06/19/2021,06/25/2021,7,273,10,0.037,ND_INVALID_BREEDING_TYPE,06/24/2021,06/30/2021,7,252,0,0.0,No,ND
11100,2021 Sedgwick,2021 Sedgwick Reserve Pond p1,Unknown,ND_INVALID_BREEDING_TYPE,Not ARI-scorable,0.5,Stable female denominator,Unknown,,4/28/2021,Cattails,250,3/6/2021,5/6/2021,04/19/2021,04/25/2021,7,203,36,0.177,05/02/2021,05/04/2021,3,6,31,5.167,ND_INVALID_BREEDING_TYPE,05/07/2021,05/04/2021,0,0,0,0.0,No,ND
24107,2021 Willey Wetlands 1,2021 Willey Wetlands 1 p1,Successful,ND_NO_FEMALE_CALLS,Not ARI-scorable,0.5,No female denominator,Simple,,6/20/2021,"Bulrush, cattails",100-500,6/10/2021,8/17/2021,06/11/2021,06/17/2021,7,273,0,0.0,06/24/2021,06/30/2021,7,273,50,0.183,ND_NO_FEMALE_CALLS,06/29/2021,07/06/2021,8,312,1,0.003,Yes,07/02/2021
24261,2021 Willey Wetlands 2,2021 Willey Wetlands 2 p1,Successful,Numeric,High offspring acoustic activity,0.5,Stable female denominator,Simple,,6/14/2021,"Bulrush, cattails",100-500,6/10/2021,8/17/2021,06/05/2021,06/11/2021,7,71,27,0.38,06/18/2021,06/24/2021,7,273,147,0.538,1.416,06/23/2021,06/30/2021,8,312,73,0.234,Yes,06/30/2021
24263,2021 Willey Wetlands 3,2021 Willey Wetlands 3 p1,Successful,NHD,Not ARI-scorable,0.5,No female denominator,Simple,,NHD,"Bulrush, cattails",100-500,6/10/2021,8/15/2021,ND,ND,0,0,0,0.0,ND,ND,0,0,0,0.0,NHD,ND,ND,0,0,0,0.0,No,NHD
24790,2021 Wind Wolves Preserve,2021 Wind Wolves Preserve p1,Successful,Numeric,Reduced offspring acoustic activity,0.5,Stable female denominator,Simple,,5/14/2021,Stinging nettle,NEED,4/14/2021,7/20/2021,05/05/2021,05/11/2021,7,273,107,0.392,05/18/2021,05/24/2021,7,104,20,0.192,0.49,05/23/2021,05/30/2021,8,312,25,0.08,Yes,05/30/2021
34485,2022 Baja 1,2022 Baja Ciénega Redonda North p1,Successful,Numeric,High offspring acoustic activity,0.5,Stable female denominator,Simple,,4/14/2022,Cattails,300-400,3/23/2022,7/12/2022,04/05/2022,04/11/2022,7,273,34,0.125,04/18/2022,04/24/2022,7,273,95,0.348,2.784,04/23/2022,04/30/2022,8,311,24,0.077,Yes,04/30/2022
53136,2022 Baja 2,2022 Baja Ciénega Redonda North 2 p1,Successful,Numeric,High offspring acoustic activity,0.5,Stable female denominator,Simple,,4/15/2022,Cattails,300-400,3/23/2022,7/17/2022,04/06/2022,04/12/2022,7,273,24,0.088,04/19/2022,04/25/2022,7,272,122,0.449,5.102,04/24/2022,05/01/2022,8,312,32,0.103,Yes,05/01/2022
34044,2022 Colusa NWR T27.1,2022 Colusa NWR T27-1&2 p1,No TRBL,NHD,Not ARI-scorable,0.5,No female denominator,No TRBL,,NHD,"Bulrush, cattails",No Colony,4/18/2022,8/4/2022,ND,ND,0,0,0,0.0,ND,ND,0,0,0,0.0,NHD,ND,ND,0,0,0,0.0,No,NHD
34079,2022 Colusa NWR T27.2,2022 Colusa NWR T27-2S p1,Successful,Numeric,High offspring acoustic activity,0.5,Moderate female denominator,Simple,,5/31/2022,"Bulrush, cattails",3000,4/18/2022,8/4/2022,05/22/2022,05/28/2022,7,273,6,0.022,06/04/2022,06/10/2022,7,273,15,0.055,2.5,06/09/2022,06/16/2022,8,312,7,0.022,Yes,06/16/2022
34111,2022 Conaway New Easement Pond West,2022 Conaway New Easement Pond West p1,No TRBL,NHD,Not ARI-scorable,0.5,No female denominator,No TRBL,,NHD,Cattails with bulrush,No Colony,5/11/2022,6/13/2022,ND,ND,0,0,0,0.0,ND,ND,0,0,0,0.0,NHD,ND,ND,0,0,0,0.0,No,NHD
34112,2022 Conaway North,2022 Conaway North p1,Successful,Numeric,High offspring acoustic activity,0.5,Stable female denominator,Simple,,5/21/2022,"Cattails, Himalayan blackberry, willow",15000,5/4/2022,6/28/2022,05/12/2022,05/18/2022,7,546,489,0.896,05/25/2022,05/31/2022,7,546,412,0.755,0.843,05/30/2022,06/06/2022,8,624,357,0.572,Yes,06/06/2022
34113,2022 Conaway North A,2022 Conaway North A p1,Successful,Numeric,High offspring acoustic activity,0.5,Stable female denominator,Simple,,5/22/2022,"Cattails, Himalayan blackberry, willow",15000,5/4/2022,6/28/2022,05/13/2022,05/19/2022,7,546,259,0.474,05/26/2022,06/01/2022,7,546,253,0.463,0.977,05/31/2022,06/07/2022,8,624,264,0.423,Yes,06/07/2022
34115,2022 Conaway East,2022 Conaway Ranch Reservoir p1,Partially Abandoned,Numeric,Reduced offspring acoustic activity,0.5,Stable female denominator,Simple,,5/23/2022,Himalayan blackberry,Unknown,5/9/2022,6/28/2022,05/14/2022,05/20/2022,7,546,142,0.26,05/27/2022,06/02/2022,7,546,40,0.073,0.281,06/01/2022,06/08/2022,8,624,4,0.006,Yes,06/08/2022
34078,2022 Creed Road,2022 Denverton Creek p1,Successful,Numeric,High offspring acoustic activity,0.5,Stable female denominator,Simple,,4/15/2022,Himalayan blackberry,1000,2/13/2022,8/20/2022,04/06/2022,04/12/2022,7,273,178,0.652,04/19/2022,04/25/2022,7,273,208,0.762,1.169,04/24/2022,05/01/2022,8,312,51,0.163,Yes,05/01/2022
34118,2022 Foley Ranch A,2022 Virginia at Ostrom A p1,No Colony,NHD,Not ARI-scorable,0.5,No female denominator,No Colony,,NHD,Himalayan blackberry,5000,4/24/2022,6/6/2022,ND,ND,0,0,0,0.0,ND,ND,0,0,0,0.0,NHD,ND,ND,0,0,0,0.0,No,NHD
34119,2022 Foley Ranch B,2022 Virginia at Ostrom B p1,No Colony,NHD,Not ARI-scorable,0.5,No female denominator,No Colony,,NHD,Himalayan blackberry,5000,4/24/2022,6/6/2022,ND,ND,0,0,0,0.0,ND,ND,0,0,0,0.0,NHD,ND,ND,0,0,0,0.0,No,NHD
33966,2022 Hay Landfill,2022 Hay Landfill p1,Partially Abandoned,Numeric,Reduced offspring acoustic activity,0.5,Stable female denominator,Sequential,,4/12/2022,"Bulrush, cattails",4000,2/13/2022,9/9/2022,04/03/2022,04/09/2022,7,273,91,0.333,04/16/2022,04/22/2022,7,273,14,0.051,0.153,04/21/2022,04/28/2022,8,312,6,0.019,Yes,04/28/2022
33966,2022 Hay Landfill,2022 Hay Landfill p2,Successful,Numeric,High offspring acoustic activity,0.5,Low female denominator,Sequential,,5/19/2022,"Bulrush, cattails",4000,2/13/2022,9/9/2022,05/10/2022,05/16/2022,7,273,2,0.007,05/23/2022,05/29/2022,7,273,5,0.018,2.571,05/28/2022,06/04/2022,8,312,14,0.045,Yes,06/04/2022
34077,2022 Laguna Seca,2022 Laguna Seca p1,Successful,ND_NO_FEMALE_CALLS,Not ARI-scorable,0.5,No female denominator,Sequential,,4/15/2022,"Bulrush, cattails",Unknown,3/20/2022,7/11/2022,04/06/2022,04/12/2022,7,273,0,0.0,04/19/2022,04/25/2022,7,273,3,0.011,ND_NO_FEMALE_CALLS,04/24/2022,05/01/2022,8,312,0,0.0,No,ND
34077,2022 Laguna Seca,2022 Laguna Seca p2,Unknown,Numeric,High offspring acoustic activity,0.5,Stable female denominator,Sequential,,5/25/2022,"Bulrush, cattails",Unknown,3/20/2022,7/11/2022,05/16/2022,05/22/2022,7,273,56,0.205,05/29/2022,06/04/2022,7,273,39,0.143,0.698,06/03/2022,06/10/2022,8,312,0,0.0,No,ND
34117,2022 Los Vaqueros Reservoir,2022 Los Vaqueros Playa p1,Successful,ND_INVALID_BREEDING_TYPE,Not ARI-scorable,0.5,Stable female denominator,Unknown,,4/19/2022,Himalayan blackberry,400-500,4/15/2022,6/8/2022,04/15/2022,04/16/2022,2,64,46,0.719,04/23/2022,04/29/2022,7,273,208,0.762,ND_INVALID_BREEDING_TYPE,04/28/2022,05/05/2022,8,312,46,0.147,Yes,05/05/2022
34076,2022 Marsh Creek Reservoir,2022 Marsh Creek Reservoir p1,No TRBL,NHD,Not ARI-scorable,0.5,No female denominator,No TRBL,,NHD,Cattails,No Colony,4/15/2022,6/8/2022,ND,ND,0,0,0,0.0,ND,ND,0,0,0,0.0,NHD,ND,ND,0,0,0,0.0,No,NHD
34075,2022 Newberry Springs - Lake Wainani,2022 Newberry Springs - Lake Wainani p1,Successful,NHD,Not ARI-scorable,0.5,No female denominator,Unknown,,NHD,"Cattails, willows",500,5/12/2022,5/20/2022,ND,ND,0,0,0,0.0,ND,ND,0,0,0,0.0,NHD,ND,ND,0,0,0,0.0,No,NHD
33851,2022 OR1,2022 Oregon State - Warm Springs Dizney Lane p1,No Colony,NHD,Not ARI-scorable,0.5,No female denominator,No Colony,,NHD,"Cattails, Himalayan blackberry",50,4/18/2022,6/9/2022,ND,ND,0,0,0,0.0,ND,ND,0,0,0,0.0,NHD,ND,ND,0,0,0,0.0,No,NHD
34073,2022 OR2,2022 Oregon State - Prineville Woodward Rd p1,Successful,Numeric,Reduced offspring acoustic activity,0.5,Moderate female denominator,Simple,,5/16/2022,Cattails,40-80,4/24/2022,6/3/2022,05/07/2022,05/13/2022,7,546,6,0.011,05/20/2022,05/26/2022,7,546,0,0.0,0.0,05/25/2022,06/01/2022,8,624,16,0.026,Yes,05/31/2022
34071,2022 Paicines Ranch - Teal Pond,2022 Paicines Ranch - Teal Pond p1,Successful,Numeric,High offspring acoustic activity,0.5,Stable female denominator,Simple,,4/22/2022,"Bulrush, cattails",4000,4/10/2022,8/6/2022,04/13/2022,04/19/2022,7,273,28,0.103,04/26/2022,05/02/2022,7,273,23,0.084,0.816,05/01/2022,05/08/2022,8,312,13,0.042,Yes,05/08/2022
34072,2022 Paicines Ranch - Teal Pond B,2022 Paicines Ranch - Teal Pond B p1,Successful,Numeric,High offspring acoustic activity,0.5,Moderate female denominator,Simple,,4/25/2022,"Bulrush, cattails",4000,4/11/2022,8/3/2022,04/16/2022,04/22/2022,7,273,10,0.037,04/29/2022,05/05/2022,7,273,13,0.048,1.297,05/04/2022,05/11/2022,8,312,41,0.131,Yes,05/11/2022
52598,2022 Panoche Creek Preserve Loc4,2022 Panoche Creek Marsh East 1 p1,No Colony,NHD,Not ARI-scorable,0.5,No female denominator,No Colony,,NHD,Cattails,4500,3/22/2022,4/14/2022,ND,ND,0,0,0,0.0,ND,ND,0,0,0,0.0,NHD,ND,ND,0,0,0,0.0,No,NHD
34130,2022 Panoche Creek Preserve Loc5,2022 Panoche Creek Marsh East 2 p1,Successful,Numeric,High offspring acoustic activity,0.5,Stable female denominator,Simple,,4/20/2022,Cattails,4500,4/14/2022,6/23/2022,04/14/2022,04/17/2022,4,144,62,0.431,04/24/2022,04/30/2022,7,273,99,0.363,0.842,04/29/2022,05/06/2022,8,312,28,0.09,Yes,05/06/2022
52597,2022 Panoche Creek Preserve Loc3,2022 Panoche Creek Preserve Location 3 p1,Successful,Numeric,High offspring acoustic activity,0.5,Stable female denominator,Simple,,4/20/2022,NEED,4500,3/18/2022,6/23/2022,04/11/2022,04/17/2022,7,273,72,0.264,04/24/2022,04/30/2022,7,273,103,0.377,1.428,04/29/2022,05/06/2022,8,312,9,0.029,Yes,05/06/2022
34012,2022 Plumas Arboga East,2022 Plumas Arboga 6 East p1,Successful,NHD,Not ARI-scorable,0.5,No female denominator,Complex,"Asynchronous, Sequential",NHD,Himalayan blackberry,9000,5/4/2022,6/28/2022,ND,ND,0,0,0,0.0,ND,ND,0,0,0,0.0,NHD,ND,ND,0,0,0,0.0,No,NHD
34012,2022 Plumas Arboga East,2022 Plumas Arboga 6 East p2,Successful,ND_INVALID_BREEDING_TYPE,Not ARI-scorable,0.5,Stable female denominator,Complex,"Asynchronous, Sequential",5/22/2022,Himalayan blackberry,9000,5/4/2022,6/28/2022,05/13/2022,05/19/2022,7,546,61,0.112,05/26/2022,06/01/2022,7,546,357,0.654,ND_INVALID_BREEDING_TYPE,05/31/2022,06/07/2022,8,624,21,0.034,Yes,06/07/2022
34013,2022 Plumas Arboga West,2022 Plumas Arboga 6 West p1,Successful,Numeric,High offspring acoustic activity,0.5,Stable female denominator,Simple,,5/24/2022,Himalayan blackberry,9000,5/11/2022,6/28/2022,05/15/2022,05/21/2022,7,546,482,0.883,05/28/2022,06/03/2022,7,546,383,0.701,0.794,06/02/2022,06/09/2022,8,624,220,0.353,Yes,06/09/2022
34131,2022 Private Site 1 - not real lat lon,2022 Private Site 1 - approximate lat lon p1,Successful,ND_INVALID_BREEDING_TYPE,Not ARI-scorable,0.5,Stable female denominator,Asynchronous,,4/30/2022,Triticale,"35,000",4/19/2022,6/3/2022,04/21/2022,04/27/2022,7,273,33,0.121,05/04/2022,05/10/2022,7,273,140,0.513,ND_INVALID_BREEDING_TYPE,05/09/2022,05/16/2022,8,312,177,0.567,Yes,05/16/2022
34133,2022 Private Site 2 - not real lat lon,2022 Private Site 2 - approximate lat lon p1,Successful,NHD,Not ARI-scorable,0.5,No female denominator,Asynchronous,,NHD,Triticale,"15,000",4/19/2022,5/2/2022,ND,ND,0,0,0,0.0,ND,ND,0,0,0,0.0,NHD,ND,ND,0,0,0,0.0,No,NHD
34132,2022 Private Site 3 - not real lat lon,2022 Private Site 3 - approximate lat lon p1,Successful,NHD,Not ARI-scorable,0.5,No female denominator,Asynchronous,,NHD,Milk thistle,ND,4/19/2022,6/3/2022,ND,ND,0,0,0,0.0,ND,ND,0,0,0,0.0,NHD,ND,ND,0,0,0,0.0,No,NHD
34045,2022 Rancho Jamul,2022 Rancho Jamul p1,Successful,ND_INVALID_BREEDING_TYPE,Not ARI-scorable,0.5,Low female denominator,Asynchronous,,4/14/2022,NEED,NEED,3/2/2022,7/2/2022,04/05/2022,04/11/2022,7,273,2,0.007,04/18/2022,04/24/2022,7,273,23,0.084,ND_INVALID_BREEDING_TYPE,04/23/2022,04/30/2022,8,312,72,0.231,Yes,04/30/2022
34046,2022 SJWA,2022 San Jacinto Wildlife Area - Bridge Street Pond p1,Successful,ND_INVALID_BREEDING_TYPE,Not ARI-scorable,0.5,Low female denominator,Asynchronous,,5/29/2022,Cattails,800,5/10/2022,6/27/2022,05/20/2022,05/26/2022,7,273,2,0.007,06/02/2022,06/08/2022,7,273,28,0.103,ND_INVALID_BREEDING_TYPE,06/07/2022,06/14/2022,8,312,4,0.013,Yes,06/13/2022
34090,2022 Ohlone - Santa Lucia Preserve,2022 Santa Lucia Preserve - Ohlone Pond p1,Successful,ND_INVALID_BREEDING_TYPE,Not ARI-scorable,0.5,Stable female denominator,Asynchronous,,5/2/2022,Bulrush (Schoenoplectus spp.),50,3/21/2022,8/16/2022,04/23/2022,04/29/2022,7,273,23,0.084,05/06/2022,05/12/2022,7,273,31,0.114,ND_INVALID_BREEDING_TYPE,05/11/2022,05/18/2022,8,312,7,0.022,Yes,05/18/2022
33985,2022 Sedgwick,2022 Sedgwick Reserve Pond p1,Successful,Numeric,High offspring acoustic activity,0.5,Stable female denominator,Sequential,,4/10/2022,Cattails,200,3/20/2022,7/12/2022,04/01/2022,04/07/2022,7,273,29,0.106,04/14/2022,04/20/2022,7,273,66,0.242,2.283,04/19/2022,04/26/2022,8,312,16,0.051,Yes,04/26/2022
33985,2022 Sedgwick,2022 Sedgwick Reserve Pond p2,Successful,ND_NO_FEMALE_CALLS,Not ARI-scorable,0.5,No female denominator,Sequential,,5/21/2022,Cattails,200,3/20/2022,7/12/2022,05/12/2022,05/18/2022,7,273,0,0.0,05/25/2022,05/31/2022,7,273,142,0.52,ND_NO_FEMALE_CALLS,05/30/2022,06/06/2022,8,312,16,0.051,Yes,06/06/2022
33984,2022 WA Harder Spring,2022 Washington State - Harder Spring p1,Successful,Numeric,High offspring acoustic activity,0.5,Stable female denominator,Additions,,5/17/2022,"Bulrush, cattails, common reed",200,3/18/2022,7/13/2022,05/08/2022,05/14/2022,7,273,51,0.187,05/21/2022,05/27/2022,7,273,64,0.234,1.251,05/26/2022,06/02/2022,8,312,24,0.077,Yes,06/02/2022
33984,2022 WA Harder Spring,2022 Washington State - Harder Spring p2,Successful,Numeric,High offspring acoustic activity,0.5,Stable female denominator,Additions,,6/7/2022,"Bulrush, cattails, common reed",200,3/18/2022,7/13/2022,05/29/2022,06/04/2022,7,273,76,0.278,06/11/2022,06/17/2022,7,273,172,0.63,2.266,06/16/2022,06/23/2022,8,312,81,0.26,Yes,06/22/2022
33845,2022 WA1,2022 Washington State - McCain Wetands p1,Successful,NHD,Not ARI-scorable,0.5,No female denominator,Unknown,,NHD,"Bulrush, cattails, common reed",150-200,5/27/2022,8/1/2022,ND,ND,0,0,0,0.0,ND,ND,0,0,0,0.0,NHD,ND,ND,0,0,0,0.0,No,NHD
34088,2022 Wind Wolves Preserve Pleitito Creek,2022 Wind Wolves Preserve - Pleitito Creek p1,No Colony,NHD,Not ARI-scorable,0.5,No female denominator,No Colony,,NHD,Stinging nettle,No Colony,3/11/2022,5/26/2022,ND,ND,0,0,0,0.0,ND,ND,0,0,0,0.0,NHD,ND,ND,0,0,0,0.0,No,NHD
34087,2022 Wind Wolves Preserve Santiago Wetlands,2022 Wind Wolves Preserve - Santiago Wetlands p1,Successful,ND_INVALID_BREEDING_TYPE,Not ARI-scorable,0.5,Moderate female denominator,Asynchronous,,4/21/2022,Stinging nettle,50-100,2/23/2022,8/17/2022,04/12/2022,04/18/2022,7,273,8,0.029,04/25/2022,05/01/2022,7,273,5,0.018,ND_INVALID_BREEDING_TYPE,04/30/2022,05/07/2022,8,312,114,0.365,Yes,05/07/2022
48459,2023 Laguna Fry Confluence - 45 Sump,2023 45 Sump p1,Successful,Numeric,High offspring acoustic activity,0.5,Stable female denominator,Simple,,5/11/2023,Himalayan blackberry,5500,4/25/2023,6/18/2023,05/02/2023,05/08/2023,7,273,178,0.652,05/15/2023,05/21/2023,7,273,140,0.513,0.787,05/20/2023,05/27/2023,8,312,139,0.446,Yes,05/27/2023
48395,2023 Baja Rancho Cinega,2023 Baja Ciénega Redonda North p1,Successful,NHD,Not ARI-scorable,0.5,No female denominator,Unknown,,NHD,Cattails,100-200,4/14/2023,8/22/2023,ND,ND,0,0,0,0.0,ND,ND,0,0,0,0.0,NHD,ND,ND,0,0,0,0.0,No,NHD
48455,2023 Colusa NWR T27.1,2023 Colusa NWR T27-1&2 p1,Partially Abandoned,Numeric,High offspring acoustic activity,0.5,Stable female denominator,Simple,,7/16/2023,"Bulrush, cattails","2,000",6/1/2023,8/1/2023,07/07/2023,07/13/2023,7,273,177,0.648,07/20/2023,07/26/2023,7,273,94,0.344,0.531,07/25/2023,08/01/2023,8,288,22,0.076,Yes,07/30/2023
58629,2023 Colusa NWR T27.2,2023 Colusa NWR T27-2S p1,Successful,Numeric,High offspring acoustic activity,0.5,Stable female denominator,Simple,,6/20/2023,"Bulrush, cattails","23,000",6/1/2023,8/1/2023,06/11/2023,06/17/2023,7,273,62,0.227,06/24/2023,06/30/2023,7,273,117,0.429,1.89,06/29/2023,07/06/2023,8,312,70,0.224,Yes,07/06/2023
48473,2023 Conaway Ranch - HQ,2023 Conaway Ranch Headquarters p1,Successful,Numeric,High offspring acoustic activity,0.5,Stable female denominator,Simple,,6/13/2023,Himalayan blackberry,5000,5/24/2023,7/5/2023,06/04/2023,06/10/2023,7,273,181,0.663,06/17/2023,06/23/2023,7,273,185,0.678,1.023,06/22/2023,06/29/2023,8,312,101,0.324,Yes,06/29/2023
48474,2023 Conaway Ranch NE,2023 Conaway Ranch NE p1,Successful,Numeric,High offspring acoustic activity,0.5,Stable female denominator,Simple,,6/11/2023,Himalayan blackberry,9000,5/26/2023,7/11/2023,06/02/2023,06/08/2023,7,273,90,0.33,06/15/2023,06/21/2023,7,273,65,0.238,0.721,06/20/2023,06/27/2023,8,312,21,0.067,Yes,06/27/2023
48477,2023 Conaway Ranch North 1,2023 Conaway Ranch North 1 p1,Successful,Numeric,High offspring acoustic activity,0.5,Stable female denominator,Simple,,6/18/2023,"Himalayan blackberry, cattails",10000,6/8/2023,7/13/2023,06/09/2023,06/15/2023,7,273,194,0.711,06/22/2023,06/28/2023,7,273,229,0.839,1.18,06/27/2023,07/04/2023,8,312,173,0.554,Yes,07/04/2023
48476,2023 Conaway Ranch North 2,2023 Conaway Ranch North 2 p1,Successful,Numeric,High offspring acoustic activity,0.5,Stable female denominator,Simple,,6/28/2023,"Himalayan blackberry, cattails",10000,6/13/2023,7/27/2023,06/19/2023,06/25/2023,7,273,166,0.608,07/02/2023,07/08/2023,7,273,114,0.418,0.688,07/07/2023,07/14/2023,8,312,160,0.513,Yes,07/14/2023
48472,2023 Delevan T6,2023 Delevan NWR T6 p1,No TRBL,NHD,Not ARI-scorable,0.5,No female denominator,No TRBL,,NHD,Bulrush,No Colony,5/30/2023,7/25/2023,ND,ND,0,0,0,0.0,ND,ND,0,0,0,0.0,NHD,ND,ND,0,0,0,0.0,No,NHD
48454,2023 Delevan NWR T43.1,2023 Delevan NWR T43-1 p1,No TRBL,NHD,Not ARI-scorable,0.5,No female denominator,No TRBL,,NHD,"Bulrush, cattails, Himalayan blackberry",No Colony,5/16/2023,7/18/2023,ND,ND,0,0,0,0.0,ND,ND,0,0,0,0.0,NHD,ND,ND,0,0,0,0.0,No,NHD
48877,2023 Delevan NWR T43.2,2023 Delevan NWR T43-2 p1,No TRBL,NHD,Not ARI-scorable,0.5,No female denominator,No TRBL,,NHD,"Bulrush, cattails, Himalayan blackberry",No Colony,5/16/2023,9/16/2023,ND,ND,0,0,0,0.0,ND,ND,0,0,0,0.0,NHD,ND,ND,0,0,0,0.0,No,NHD
48462,2023 Creed Rd,2023 Denverton Creek p1,Abandoned,Numeric,No detected offspring acoustic evidence,0.5,Low female denominator,Simple,,5/21/2023,Himalayan blackberry,1000,3/12/2023,8/7/2023,05/12/2023,05/18/2023,7,273,1,0.004,05/25/2023,05/31/2023,7,273,0,0.0,0.0,05/30/2023,06/06/2023,8,312,0,0.0,No,ND
48463,2023 Hale Road,2023 Hale Road p1,Successful,Numeric,High offspring acoustic activity,0.5,Stable female denominator,Sequential,,6/6/2023,"Himalayan blackberry, cattails",10000,4/18/2023,7/8/2023,05/28/2023,06/03/2023,7,273,270,0.989,06/10/2023,06/16/2023,7,273,214,0.784,0.793,06/15/2023,06/22/2023,8,312,231,0.74,Yes,06/22/2023
48463,2023 Hale Road,2023 Hale Road p2,Unknown,NHD,Not ARI-scorable,0.5,No female denominator,Sequential,,NHD,"Himalayan blackberry, cattails",10000,4/18/2023,7/8/2023,ND,ND,0,0,0,0.0,ND,ND,0,0,0,0.0,NHD,ND,ND,0,0,0,0.0,No,NHD
48468,2023 Hale Road Site 2,2023 Hale Road Site 2 p1,Successful,Numeric,High offspring acoustic activity,0.5,Stable female denominator,Simple,,6/6/2023,"Himalayan blackberry, cattails",10000,4/11/2023,7/8/2023,05/28/2023,06/03/2023,7,273,261,0.956,06/10/2023,06/16/2023,7,273,257,0.941,0.984,06/15/2023,06/22/2023,8,312,260,0.833,Yes,06/22/2023
48457,2023 Iron Point,2023 Iron Point p1,Partially Abandoned,NHD,Not ARI-scorable,0.5,No female denominator,Simple,,NHD,Himalayan blackberry,600,5/9/2023,8/22/2023,ND,ND,0,0,0,0.0,ND,ND,0,0,0,0.0,NHD,ND,ND,0,0,0,0.0,No,NHD
48434,2023 Kentucky Lateral,2023 Kentucky Lateral p1,Successful,ND_INVALID_BREEDING_TYPE,Not ARI-scorable,0.5,Stable female denominator,Asynchronous,,4/26/2023,Bull thistle,500,4/15/2023,5/22/2023,04/17/2023,04/23/2023,7,273,122,0.447,04/30/2023,05/06/2023,7,273,86,0.315,ND_INVALID_BREEDING_TYPE,05/05/2023,05/12/2023,8,312,5,0.016,Yes,05/12/2023
48467,2023 Kern - Canebreak Ecological Reserve 4,2023 Kern - Canebreak Ecological Reserve 4 p1,No TRBL,NHD,Not ARI-scorable,0.5,No female denominator,No TRBL,,NHD,Stinging nettle,No Colony,5/25/2023,8/11/2023,ND,ND,0,0,0,0.0,ND,ND,0,0,0,0.0,NHD,ND,ND,0,0,0,0.0,No,NHD
48470,2023 Kern - HQ2,2023 Kern - Headquarters 2 p1,Successful,Numeric,High offspring acoustic activity,0.5,Stable female denominator,Sequential,,6/8/2023,Sandbar Willow,100,5/3/2023,8/11/2023,05/30/2023,06/05/2023,7,273,77,0.282,06/12/2023,06/18/2023,7,273,180,0.659,2.337,06/17/2023,06/24/2023,8,312,145,0.465,Yes,06/24/2023
48470,2023 Kern - HQ2,2023 Kern - Headquarters 2 p2,Successful,Numeric,High offspring acoustic activity,0.5,Low female denominator,Sequential,,7/5/2023,Sandbar Willow,100,5/3/2023,8/11/2023,06/26/2023,07/02/2023,7,272,3,0.011,07/09/2023,07/15/2023,7,273,71,0.26,23.636,07/14/2023,07/21/2023,8,311,13,0.042,Yes,07/21/2023
48465,2023 Laguna Fry Confluence - Site 1,2023 Laguna Frye Confluence 3 p1,Successful,Numeric,High offspring acoustic activity,0.5,Stable female denominator,Simple,,5/17/2023,"Himalayan blackberry, cattails, tule",17500,5/9/2023,6/18/2023,05/08/2023,05/14/2023,7,217,162,0.747,05/21/2023,05/27/2023,7,273,141,0.516,0.691,05/26/2023,06/02/2023,8,312,152,0.487,Yes,05/31/2023
48747,2023 Weagell Property 1,2023 Laguna Frye Confluence 1 p1,Successful,ND_INVALID_BREEDING_TYPE,Not ARI-scorable,0.5,Stable female denominator,Complex,"Additions, Sequential",5/9/2023,"Himalayan blackberry, cattails",17500,4/19/2023,6/18/2023,04/30/2023,05/06/2023,7,273,164,0.601,05/13/2023,05/19/2023,7,273,63,0.231,ND_INVALID_BREEDING_TYPE,05/18/2023,05/25/2023,8,312,83,0.266,Yes,05/25/2023
48747,2023 Weagell Property 1,2023 Laguna Frye Confluence 1 p2,Successful,ND_INVALID_BREEDING_TYPE,Not ARI-scorable,0.5,Stable female denominator,Complex,"Additions, Sequential",5/24/2023,"Himalayan blackberry, cattails",17500,4/19/2023,6/18/2023,05/15/2023,05/21/2023,7,273,38,0.139,05/28/2023,06/03/2023,7,273,95,0.348,ND_INVALID_BREEDING_TYPE,06/02/2023,06/09/2023,8,312,186,0.596,Yes,06/09/2023
48747,2023 Weagell Property 1,2023 Laguna Frye Confluence 1 p3,Successful,ND_INVALID_BREEDING_TYPE,Not ARI-scorable,0.5,Moderate female denominator,Complex,"Additions, Sequential",6/5/2023,"Himalayan blackberry, cattails",17500,4/19/2023,6/18/2023,05/27/2023,06/02/2023,7,273,15,0.055,06/09/2023,06/15/2023,7,272,82,0.301,ND_INVALID_BREEDING_TYPE,06/14/2023,06/18/2023,5,172,11,0.064,Yes,06/17/2023
48458,2023 Weagell Property 2,2023 Laguna Frye Confluence 2 p1,Successful,Numeric,High offspring acoustic activity,0.5,Stable female denominator,Sequential,,5/19/2023,"Himalayan blackberry, cattails",17500,4/25/2023,6/18/2023,05/10/2023,05/16/2023,7,273,63,0.231,05/23/2023,05/29/2023,7,273,86,0.315,1.364,05/28/2023,06/04/2023,8,312,303,0.971,Yes,06/04/2023
48458,2023 Weagell Property 2,2023 Laguna Frye Confluence 2 p2,Unknown,NHD,Not ARI-scorable,0.5,No female denominator,Sequential,,NHD,"Himalayan blackberry, cattails",17500,4/25/2023,6/18/2023,ND,ND,0,0,0,0.0,ND,ND,0,0,0,0.0,NHD,ND,ND,0,0,0,0.0,No,NHD
48428,2023 Los Vaqueros - Walnut Trail Marsh,2023 Los Vaqueros - Walnut Trail Marsh p1,Abandoned,Numeric,No detected offspring acoustic evidence,0.5,Stable female denominator,Simple,,4/26/2023,"Bulrush, cattails",500,4/7/2023,7/7/2023,04/17/2023,04/23/2023,7,273,45,0.165,04/30/2023,05/06/2023,7,273,0,0.0,0.0,05/05/2023,05/12/2023,8,312,0,0.0,No,ND
48444,2023 Los Vaqueros Reservoir,2023 Los Vaqueros Playa p1,Successful,Numeric,High offspring acoustic activity,0.5,Stable female denominator,Sequential,,4/28/2023,Himalayan blackberry,2000,3/24/2023,7/31/2023,04/19/2023,04/25/2023,7,272,146,0.537,05/02/2023,05/08/2023,7,273,226,0.828,1.542,05/07/2023,05/14/2023,8,312,132,0.423,Yes,05/14/2023
48444,2023 Los Vaqueros Reservoir,2023 Los Vaqueros Playa p2,Successful,Numeric,High offspring acoustic activity,0.5,Moderate female denominator,Sequential,,6/15/2023,Himalayan blackberry,2000,3/24/2023,7/31/2023,06/06/2023,06/12/2023,7,273,19,0.07,06/19/2023,06/25/2023,7,273,82,0.3,4.286,06/24/2023,07/01/2023,8,310,130,0.419,Yes,07/01/2023
48436,2023 Markham Ravine,2023 Markham Ravine p1,Partially Abandoned,Numeric,Reduced offspring acoustic activity,0.5,Stable female denominator,Simple,,5/31/2023,"Himalayan blackberry, willow",3000-4000,5/15/2023,7/17/2023,05/22/2023,05/28/2023,7,273,53,0.194,06/04/2023,06/10/2023,7,273,16,0.059,0.304,06/09/2023,06/16/2023,8,312,11,0.035,Yes,06/16/2023
48446,2023 Merced NWR - Cottonwood,2023 Merced NWR - Cottonwood Trail p1,Successful,NHD,Not ARI-scorable,0.5,No female denominator,Sequential,,NHD,"Buttonwillow, milk thistle",ND,5/12/2023,6/16/2023,ND,ND,0,0,0,0.0,ND,ND,0,0,0,0.0,NHD,ND,ND,0,0,0,0.0,No,NHD
48446,2023 Merced NWR - Cottonwood,2023 Merced NWR - Cottonwood Trail p2,Partially Abandoned,Numeric,Reduced offspring acoustic activity,0.5,Stable female denominator,Sequential,,5/25/2023,"Buttonwillow, milk thistle",ND,5/12/2023,6/16/2023,05/16/2023,05/22/2023,7,273,37,0.136,05/29/2023,06/04/2023,7,273,0,0.0,0.0,06/03/2023,06/10/2023,8,312,4,0.013,Yes,06/07/2023
48490,2023 Merced NWR Deadman Wetland Ditch,2023 Merced NWR - Deadman Wetland Ditch p1,Abandoned,Numeric,No detected offspring acoustic evidence,0.5,Stable female denominator,Simple,,5/31/2023,"Milk thistle, mustard",200,5/23/2023,6/27/2023,05/22/2023,05/28/2023,7,209,66,0.316,06/04/2023,06/10/2023,7,273,0,0.0,0.0,06/09/2023,06/16/2023,8,312,0,0.0,No,ND
48448,2023 North Regional Pond,2023 North Regional Pond p1,Successful,Numeric,Reduced offspring acoustic activity,0.5,Moderate female denominator,Simple,,5/5/2023,"Mustard, milk thistle",150,3/31/2023,6/2/2023,04/26/2023,05/02/2023,7,273,6,0.022,05/09/2023,05/15/2023,7,273,0,0.0,0.0,05/14/2023,05/21/2023,8,312,19,0.061,Yes,05/21/2023
48397,2023 OR Dizney Rd,2023 Oregon State - Warm Springs Dizney Lane p1,Partially Abandoned,Numeric,Reduced offspring acoustic activity,0.5,Stable female denominator,Simple,,5/19/2023,"Cattails, Himalayan blackberry",75-100,4/29/2023,7/15/2023,05/10/2023,05/16/2023,7,273,75,0.275,05/23/2023,05/29/2023,7,273,15,0.055,0.2,05/28/2023,06/04/2023,8,312,1,0.003,Yes,06/03/2023
48392,2023 OR Eureka Rd,2023 Oregon State - Metolius Eureka Lane p1,Successful,ND_INVALID_BREEDING_TYPE,Not ARI-scorable,0.5,Stable female denominator,Asynchronous,,5/19/2023,"Cattails, Himalayan blackberry",100,4/29/2023,7/24/2023,05/10/2023,05/16/2023,7,273,35,0.128,05/23/2023,05/29/2023,7,273,41,0.15,ND_INVALID_BREEDING_TYPE,05/28/2023,06/04/2023,8,312,62,0.199,Yes,06/04/2023
48445,2023 OR Prineville North,2023 Oregon State - Prineville Grimes Rd p1,Successful,Numeric,High offspring acoustic activity,0.5,Stable female denominator,Sequential,,5/15/2023,Cattails,50-75,4/29/2023,7/15/2023,05/06/2023,05/12/2023,7,273,87,0.319,05/19/2023,05/25/2023,7,271,214,0.79,2.476,05/24/2023,05/31/2023,8,310,35,0.113,Yes,05/29/2023
48445,2023 OR Prineville North,2023 Oregon State - Prineville Grimes Rd p2,Successful,Numeric,High offspring acoustic activity,0.5,Stable female denominator,Sequential,,6/21/2023,Cattails,50-75,4/29/2023,7/15/2023,06/12/2023,06/18/2023,7,271,49,0.181,06/25/2023,07/01/2023,7,273,75,0.275,1.519,06/30/2023,07/07/2023,8,312,9,0.029,Yes,07/07/2023
48796,2023 Panoche Creek Preserve - Corrals NW,2023 Panoche Creek Preserve - Corrals North West p1,Successful,NHD,Not ARI-scorable,0.5,No female denominator,Simple,,NHD,"Fiddleneck, cheeseweed, London rocket, and Chilean chess",400-500,4/29/2023,6/12/2023,ND,ND,0,0,0,0.0,ND,ND,0,0,0,0.0,NHD,ND,ND,0,0,0,0.0,No,NHD
48797,2023 Panoche Creek Preserve - Corrals SE,2023 Panoche Creek Preserve - Corrals Southeast p1,Successful,NHD,Not ARI-scorable,0.5,No female denominator,Simple,,NHD,"Fiddleneck, cheeseweed, London rocket, and Chilean chess",400-500,4/29/2023,6/12/2023,ND,ND,0,0,0,0.0,ND,ND,0,0,0,0.0,NHD,ND,ND,0,0,0,0.0,No,NHD
48440,2023 Peterson Ranch Pond - East,2023 Petersen Ranch Pond - East p1,No Colony,NHD,Not ARI-scorable,0.5,No female denominator,No Colony,,NHD,Bulrush,No Colony,4/5/2023,7/28/2023,ND,ND,0,0,0,0.0,ND,ND,0,0,0,0.0,NHD,ND,ND,0,0,0,0.0,No,NHD
48461,2023 Peterson Ranch Pond - West,2023 Petersen Ranch Pond - West p1,No Colony,NHD,Not ARI-scorable,0.5,No female denominator,No Colony,,NHD,Bulrush,No Colony,4/5/2023,7/28/2023,ND,ND,0,0,0,0.0,ND,ND,0,0,0,0.0,NHD,ND,ND,0,0,0,0.0,No,NHD
48475,2023 Plumas Arboga 2,2023 Plumas Arboga 2 p1,Successful,Numeric,High offspring acoustic activity,0.5,Stable female denominator,Simple,,6/7/2023,Himalayan blackberry,7000,5/26/2023,7/8/2023,05/29/2023,06/04/2023,7,273,245,0.897,06/11/2023,06/17/2023,7,273,228,0.835,0.931,06/16/2023,06/23/2023,8,312,175,0.561,Yes,06/23/2023
48437,2023 Plumas Arboga 8 - North Regional Pond,2023 Plumas Arboga 8 p1,Partially Abandoned,Numeric,Reduced offspring acoustic activity,0.5,Stable female denominator,Sequential,,5/6/2023,Himalayan blackberry,4000,4/21/2023,7/8/2023,04/27/2023,05/03/2023,7,273,180,0.659,05/10/2023,05/16/2023,7,273,67,0.245,0.372,05/15/2023,05/22/2023,8,312,9,0.029,Yes,05/22/2023
48437,2023 Plumas Arboga 8 - North Regional Pond,2023 Plumas Arboga 8 p2,Successful,Numeric,High offspring acoustic activity,0.5,Stable female denominator,Sequential,,6/15/2023,Himalayan blackberry,4000,4/21/2023,7/8/2023,06/06/2023,06/12/2023,7,273,160,0.586,06/19/2023,06/25/2023,7,273,225,0.824,1.406,06/24/2023,07/01/2023,8,312,121,0.388,Yes,07/01/2023
48764,2023 Rancho Jamul North Pond - fix lat lon,2023 Rancho Jamul - North Pond p1,Successful,ND_NO_FEMALE_CALLS,Not ARI-scorable,0.5,No female denominator,Simple,,5/16/2023,NEED,NEED,3/27/2023,8/4/2023,05/07/2023,05/13/2023,7,273,0,0.0,05/20/2023,05/26/2023,7,273,26,0.095,ND_NO_FEMALE_CALLS,05/25/2023,06/01/2023,8,312,10,0.032,Yes,06/01/2023
48765,2023 Rancho Jamul Site 1 fix lat lon,2023 Rancho Jamul - Site 1 p1,Successful,ND_NO_FEMALE_CALLS,Not ARI-scorable,0.5,No female denominator,Sequential,,4/25/2023,NEED,NEED,3/27/2023,8/3/2023,04/16/2023,04/22/2023,7,273,0,0.0,04/29/2023,05/05/2023,7,273,3,0.011,ND_NO_FEMALE_CALLS,05/04/2023,05/11/2023,8,312,1,0.003,Yes,05/06/2023
48765,2023 Rancho Jamul Site 1 fix lat lon,2023 Rancho Jamul - Site 1 p2,Successful,Numeric,Reduced offspring acoustic activity,0.5,Moderate female denominator,Sequential,,6/16/2023,NEED,NEED,3/27/2023,8/3/2023,06/07/2023,06/13/2023,7,273,10,0.037,06/20/2023,06/26/2023,7,273,3,0.011,0.297,06/25/2023,07/02/2023,8,312,0,0.0,No,ND
48438,2023 Bridge St Pond,2023 San Jacinto Wildlife Area - Bridge St. Pond p1,No TRBL,NHD,Not ARI-scorable,0.5,No female denominator,No TRBL,,NHD,"Bulrush, cattails",No Colony,4/18/2023,5/6/2023,ND,ND,0,0,0,0.0,ND,ND,0,0,0,0.0,NHD,ND,ND,0,0,0,0.0,No,NHD
48439,2023 West of Davis,2023 San Jacinto Wildlife Area West of Davis Road p1,Successful,NHD,Not ARI-scorable,0.5,No female denominator,Sequential,,NHD,Cattails,1000,5/6/2023,6/29/2023,ND,ND,0,0,0,0.0,ND,ND,0,0,0,0.0,NHD,ND,ND,0,0,0,0.0,No,NHD
48439,2023 West of Davis,2023 San Jacinto Wildlife Area West of Davis Road p2,Successful,Numeric,High offspring acoustic activity,0.5,Stable female denominator,Sequential,,5/22/2023,Cattails,1000,5/6/2023,6/29/2023,05/13/2023,05/19/2023,7,273,43,0.158,05/26/2023,06/01/2023,7,273,81,0.297,1.88,05/31/2023,06/07/2023,8,312,60,0.192,Yes,06/05/2023
48464,2023 San Luis NWR - West Bank Creek,2023 San Luis NWR - Fiddleneck Lake p1,Partially Abandoned,Numeric,Reduced offspring acoustic activity,0.5,Stable female denominator,Simple,,6/15/2023,"Milk thistle, mustard",500,5/26/2023,7/12/2023,06/06/2023,06/12/2023,7,273,55,0.201,06/19/2023,06/25/2023,7,273,16,0.059,0.294,06/24/2023,07/01/2023,8,312,4,0.013,Yes,06/29/2023
48447,2023 San Luis Bear Creek,2023 San Luis NWR - Tanager Slough p1,Partially Abandoned,Numeric,High offspring acoustic activity,0.5,Stable female denominator,Simple,,7/5/2023,Willows,200-900,6/16/2023,7/24/2023,06/26/2023,07/02/2023,7,273,199,0.729,07/09/2023,07/15/2023,7,273,104,0.381,0.523,07/14/2023,07/21/2023,8,312,14,0.045,Yes,07/19/2023
48466,2023 Sedgwick,2023 Sedgwick Reserve Pond p1,Successful,ND_INVALID_BREEDING_TYPE,Not ARI-scorable,0.5,Stable female denominator,Asynchronous,,4/17/2023,Cattails,300,3/26/2023,7/29/2023,04/08/2023,04/14/2023,7,273,42,0.154,04/21/2023,04/27/2023,7,273,117,0.429,ND_INVALID_BREEDING_TYPE,04/26/2023,05/03/2023,8,312,54,0.173,Yes,05/03/2023
48478,2023 South Virginia Road 3,2023 South Virginia Road 3 p1,No TRBL,NHD,Not ARI-scorable,0.5,No female denominator,No TRBL,,NHD,"Himalayan blackberry, willows",No Colony,4/11/2023,6/6/2023,ND,ND,0,0,0,0.0,ND,ND,0,0,0,0.0,NHD,ND,ND,0,0,0,0.0,No,NHD
48456,2023 Virginia at Ostrom,2023 Virginia at Ostrom p1,No Colony,NHD,Not ARI-scorable,0.5,No female denominator,No Colony,,NHD,"Himalayan blackberry, cattails",No Colony,4/18/2023,6/14/2023,ND,ND,0,0,0,0.0,ND,ND,0,0,0,0.0,NHD,ND,ND,0,0,0,0.0,No,NHD
48398,2023 WA Harder Spring,2023 Washington State - Harder Spring p1,Successful,NHD,Not ARI-scorable,0.5,No female denominator,Sequential,,NHD,"Bulrush, cattails, common reed",165,4/10/2023,8/9/2023,ND,ND,0,0,0,0.0,ND,ND,0,0,0,0.0,NHD,ND,ND,0,0,0,0.0,No,NHD
48398,2023 WA Harder Spring,2023 Washington State - Harder Spring p2,Successful,NHD,Not ARI-scorable,0.5,No female denominator,Sequential,,NHD,"Bulrush, cattails, common reed",165,4/10/2023,8/9/2023,ND,ND,0,0,0,0.0,ND,ND,0,0,0,0.0,NHD,ND,ND,0,0,0,0.0,No,NHD
48393,2023 WA McCain Wetlands,2023 Washington State - McCain Wetlands p1,Partially Abandoned,Numeric,Reduced offspring acoustic activity,0.5,Stable female denominator,Simple,,5/10/2023,"Cattails, common reed",200,4/10/2023,8/7/2023,05/01/2023,05/07/2023,7,273,81,0.297,05/14/2023,05/20/2023,7,273,30,0.11,0.37,05/19/2023,05/26/2023,8,312,10,0.032,Yes,05/26/2023
48471,2023 Wind Wolves Preserve site 1,2023 Wind Wolves Preserve - Los Lobos p1,Successful,ND_INVALID_BREEDING_TYPE,Not ARI-scorable,0.5,Moderate female denominator,Asynchronous,,5/5/2023,Stinging nettle,100,4/7/2023,7/25/2023,04/26/2023,05/02/2023,7,273,10,0.037,05/09/2023,05/15/2023,7,273,0,0.0,ND_INVALID_BREEDING_TYPE,05/14/2023,05/21/2023,8,312,16,0.051,Yes,05/21/2023
48469,2023 Wind Wolves Preserve Site 2,2023 Wind Wolves Preserve - Santiago Wetlands p1,Successful,ND_INVALID_BREEDING_TYPE,Not ARI-scorable,0.5,Stable female denominator,Asynchronous,,5/1/2023,"Cattails, Stinging nettle",300,4/7/2023,7/25/2023,04/22/2023,04/28/2023,7,273,63,0.231,05/05/2023,05/11/2023,7,273,14,0.051,ND_INVALID_BREEDING_TYPE,05/10/2023,05/17/2023,8,312,97,0.311,Yes,05/17/2023
65446,2024 Baja Rancho Cinega Redonda 1,2024 Baja Ciénega Redonda North p1,Successful,NHD,Not ARI-scorable,0.5,No female denominator,Complex,"Asynchronous, Sequential",NHD,Cattails,300-400,4/23/2024,8/19/2024,ND,ND,0,0,0,0.0,ND,ND,0,0,0,0.0,NHD,ND,ND,0,0,0,0.0,No,NHD
65446,2024 Baja Rancho Cinega Redonda 1,2024 Baja Ciénega Redonda North p2,Successful,ND_INVALID_BREEDING_TYPE,Not ARI-scorable,0.5,No female denominator,Complex,"Asynchronous, Sequential",5/25/2024,Cattails,300-400,4/23/2024,8/19/2024,05/16/2024,05/22/2024,7,273,0,0.0,05/29/2024,06/04/2024,7,273,63,0.231,ND_INVALID_BREEDING_TYPE,06/03/2024,06/10/2024,8,312,217,0.696,Yes,06/10/2024
65447,2024 Baja Rancho Cinega Redonda 2,2024 Baja Ciénega Redonda South p1,Successful,Numeric,High offspring acoustic activity,0.5,Stable female denominator,Sequential,,4/29/2024,Cattails,100,4/23/2024,8/1/2024,04/20/2024,04/26/2024,7,147,69,0.469,05/03/2024,05/09/2024,7,273,194,0.711,1.516,05/08/2024,05/15/2024,8,312,169,0.542,Yes,05/15/2024
65447,2024 Baja Rancho Cinega Redonda 2,2024 Baja Ciénega Redonda South p2,Successful,Numeric,High offspring acoustic activity,0.5,Stable female denominator,Sequential,,6/4/2024,Cattails,100,4/23/2024,8/1/2024,05/26/2024,06/01/2024,7,273,69,0.253,06/08/2024,06/14/2024,7,273,206,0.755,2.984,06/13/2024,06/20/2024,8,312,38,0.122,Yes,06/20/2024
65444,2024 Baja Lago Mesa Redonda,2024 Baja Lago Mesa Redonda p1,Successful,NHD,Not ARI-scorable,0.5,No female denominator,Asynchronous,,NHD,Cattails,150,5/2/2024,8/4/2024,ND,ND,0,0,0,0.0,ND,ND,0,0,0,0.0,NHD,ND,ND,0,0,0,0.0,No,NHD
65444,2024 Baja Lago Mesa Redonda,2024 Baja Lago Mesa Redonda p2,REVIEW_MISSING_OUTCOME,ND_INVALID_BREEDING_TYPE,Not ARI-scorable,0.5,Moderate female denominator,Asynchronous,,5/22/2024,Cattails,150,5/2/2024,8/4/2024,05/13/2024,05/19/2024,7,273,8,0.029,05/26/2024,06/01/2024,7,273,121,0.443,ND_INVALID_BREEDING_TYPE,05/31/2024,06/07/2024,8,312,273,0.875,Yes,06/07/2024
65453,2024 Colusa NWR T27.1,2024 Colusa NWR T27-1&2 p1,Partially Abandoned,Numeric,Reduced offspring acoustic activity,0.5,Stable female denominator,Simple,,6/13/2024,"Bulrush, cattails",17500,4/24/2024,9/3/2024,06/04/2024,06/10/2024,7,273,130,0.476,06/17/2024,06/23/2024,7,273,6,0.022,0.046,06/22/2024,06/29/2024,8,312,1,0.003,Yes,06/27/2024
65454,2024 Colusa NWR T27.2,2024 Colusa NWR T27-2S p1,No Colony,NHD,Not ARI-scorable,0.5,No female denominator,No Colony,,NHD,"Bulrush, cattails",No Colony,4/24/2024,8/4/2024,ND,ND,0,0,0,0.0,ND,ND,0,0,0,0.0,NHD,ND,ND,0,0,0,0.0,No,NHD
63115,2024 Dublin Ranch Preserve - Lin Livermore Conservation Area,2024 Dagnino Pond p1,Successful,Numeric,High offspring acoustic activity,0.5,Low female denominator,Simple,,5/31/2024,"Bulrush, cattails, Mustard",400,5/21/2024,8/15/2024,05/22/2024,05/28/2024,7,273,3,0.011,06/04/2024,06/10/2024,7,273,16,0.059,5.364,06/09/2024,06/16/2024,8,312,28,0.09,Yes,06/16/2024
65456,2024 Kern 1 - check lat lon,2024 Kern 1 p1,No Colony,NHD,Not ARI-scorable,0.5,No female denominator,No Colony,,NHD,NEED,NEED,4/8/2024,8/12/2024,ND,ND,0,0,0,0.0,ND,ND,0,0,0,0.0,NHD,ND,ND,0,0,0,0.0,No,NHD
63044,2024 Los Vaqueros Reservoir,2024 Los Vaqueros Playa p1,Partially Abandoned,Numeric,Reduced offspring acoustic activity,0.5,Moderate female denominator,Sequential,,5/5/2024,Himalayan blackberry,500,3/15/2024,6/24/2024,04/26/2024,05/02/2024,7,273,7,0.026,05/09/2024,05/15/2024,7,273,0,0.0,0.0,05/14/2024,05/21/2024,8,312,3,0.01,Yes,05/19/2024
63044,2024 Los Vaqueros Reservoir,2024 Los Vaqueros Playa p2,Successful,Numeric,High offspring acoustic activity,0.5,Stable female denominator,Sequential,,6/8/2024,Himalayan blackberry,500,3/15/2024,6/24/2024,05/30/2024,06/05/2024,7,273,240,0.879,06/12/2024,06/18/2024,7,273,142,0.52,0.592,06/17/2024,06/24/2024,8,264,30,0.114,Yes,06/23/2024
63085,2024 Markham Ravine 1,2024 Markham Ravine 1 p1,No TRBL,NHD,Not ARI-scorable,0.5,No female denominator,No TRBL,,NHD,"Himalayan blackberry, willow",No Colony,5/7/2024,5/24/2024,ND,ND,0,0,0,0.0,ND,ND,0,0,0,0.0,NHD,ND,ND,0,0,0,0.0,No,NHD
63088,2024 Markham Ravine 2,2024 Markham Ravine 2 p1,No TRBL,NHD,Not ARI-scorable,0.5,No female denominator,No TRBL,,NHD,"Himalayan blackberry, willow",No Colony,5/7/2024,5/24/2024,ND,ND,0,0,0,0.0,ND,ND,0,0,0,0.0,NHD,ND,ND,0,0,0,0.0,No,NHD
63113,2024 Markham Ravine 3,2024 Markham Ravine 3 p1,No TRBL,NHD,Not ARI-scorable,0.5,No female denominator,No TRBL,,NHD,"Himalayan blackberry, willow",No Colony,5/7/2024,5/24/2024,ND,ND,0,0,0,0.0,ND,ND,0,0,0,0.0,NHD,ND,ND,0,0,0,0.0,No,NHD
63114,2024 Merced NWR - Cottonwood Trail,2024 Merced NWR - Duck Slough Farmfield p1,Successful,NHD,Not ARI-scorable,0.5,No female denominator,Asynchronous,,NHD,"Milk thistle, mustard",5000,4/25/2024,7/12/2024,ND,ND,0,0,0,0.0,ND,ND,0,0,0,0.0,NHD,ND,ND,0,0,0,0.0,No,NHD
63087,2024 Moore Lake - confirm lat lon,2024 Moore's Lake p1,No TRBL,NHD,Not ARI-scorable,0.5,No female denominator,No TRBL,,NHD,Cattails,No Colony,4/10/2024,7/1/2024,ND,ND,0,0,0,0.0,ND,ND,0,0,0,0.0,NHD,ND,ND,0,0,0,0.0,No,NHD
66012,2024 Newberry Springs,2024 Newberry Springs  - Croydon Avenue p1,Successful,NHD,Not ARI-scorable,0.5,No female denominator,Unknown,,NHD,"Cattails, willows",150,5/27/2024,6/2/2024,ND,ND,0,0,0,0.0,ND,ND,0,0,0,0.0,NHD,ND,ND,0,0,0,0.0,No,NHD
77023,2024 North Regional Pond,2024 North Regional Pond p1,No Colony,NHD,Not ARI-scorable,0.5,No female denominator,No Colony,,NHD,"Mustard, milk thistle",6000,4/16/2024,6/2/2024,ND,ND,0,0,0,0.0,ND,ND,0,0,0,0.0,NHD,ND,ND,0,0,0,0.0,No,NHD
63086,2024 OR Eureka Lane,2024 Oregon State -  Metolius Eureka Lane p1,No TRBL,NHD,Not ARI-scorable,0.5,No female denominator,No TRBL,,NHD,"Cattails, Himalayan blackberry",75-100,5/4/2024,7/14/2024,ND,ND,0,0,0,0.0,ND,ND,0,0,0,0.0,NHD,ND,ND,0,0,0,0.0,No,NHD
65471,2024 Panoche Creek Preserve - Dollar Marsh East,2024 Panoche Creek Marsh East p1,Successful,Numeric,High offspring acoustic activity,0.5,Stable female denominator,Simple,,4/29/2024,"Cattails, bulrush",1000-1500,4/15/2024,8/1/2024,04/20/2024,04/26/2024,7,273,181,0.663,05/03/2024,05/09/2024,7,273,188,0.689,1.039,05/08/2024,05/15/2024,8,312,88,0.282,Yes,05/15/2024
65471,2024 Panoche Creek Preserve - Dollar Marsh East,2024 Panoche Creek Marsh East p2,REVIEW_MISSING_OUTCOME,Numeric,High offspring acoustic activity,0.5,Low female denominator,Simple,,6/4/2024,"Cattails, bulrush",1000-1500,4/15/2024,8/1/2024,05/26/2024,06/01/2024,7,273,3,0.011,06/08/2024,06/14/2024,7,273,8,0.029,2.636,06/13/2024,06/20/2024,8,312,6,0.019,Yes,06/17/2024
65469,2024 Panoche Creek Preserve - Dollar Marsh South,2024 Panoche Creek Marsh South p1,Successful,Numeric,High offspring acoustic activity,0.5,Stable female denominator,Simple,,5/1/2024,"Cattails, bulrush",100-500,4/16/2024,8/1/2024,04/22/2024,04/28/2024,7,273,202,0.74,05/05/2024,05/11/2024,7,273,146,0.535,0.723,05/10/2024,05/17/2024,8,312,0,0.0,No,ND
65470,2024 Panoche Creek Preserve - Dollar Marsh West,2024 Panoche Creek Marsh West p1,Successful,Numeric,High offspring acoustic activity,0.5,Stable female denominator,Simple,,5/5/2024,"Cattails, bulrush",100-500,4/15/2024,8/1/2024,04/26/2024,05/02/2024,7,273,187,0.685,05/09/2024,05/15/2024,7,273,199,0.729,1.064,05/14/2024,05/21/2024,8,312,97,0.311,Yes,05/21/2024
63656,2024 Rancho Jamul - Main Pond 1,2024 Rancho Jamul - Main Pond 1 p1,Successful,NHD,Not ARI-scorable,0.5,No female denominator,Complex,"Asynchronous, Sequential",NHD,NEED,NEED,3/26/2024,8/7/2024,ND,ND,0,0,0,0.0,ND,ND,0,0,0,0.0,NHD,ND,ND,0,0,0,0.0,No,NHD
63656,2024 Rancho Jamul - Main Pond 1,2024 Rancho Jamul - Main Pond 1 p2,Successful,ND_INVALID_BREEDING_TYPE,Not ARI-scorable,0.5,Low female denominator,Complex,"Asynchronous, Sequential",5/26/2024,NEED,NEED,3/26/2024,8/7/2024,05/17/2024,05/23/2024,7,273,4,0.015,05/30/2024,06/05/2024,7,273,3,0.011,ND_INVALID_BREEDING_TYPE,06/04/2024,06/11/2024,8,312,24,0.077,Yes,06/10/2024
63657,2024 Rancho Jamul - Main Pond 2,2024 Rancho Jamul - Main Pond 2 p1,Successful,ND_INVALID_BREEDING_TYPE,Not ARI-scorable,0.5,No female denominator,Complex,"Asynchronous, Sequential",4/25/2024,NEED,NEED,3/26/2024,7/6/2024,04/16/2024,04/22/2024,7,273,0,0.0,04/29/2024,05/05/2024,7,273,0,0.0,ND_INVALID_BREEDING_TYPE,05/04/2024,05/11/2024,8,312,0,0.0,No,ND
63657,2024 Rancho Jamul - Main Pond 2,2024 Rancho Jamul - Main Pond 2 p2,Successful,ND_INVALID_BREEDING_TYPE,Not ARI-scorable,0.5,Low female denominator,Complex,"Asynchronous, Sequential",5/26/2024,NEED,NEED,3/26/2024,7/6/2024,05/17/2024,05/23/2024,7,273,2,0.007,05/30/2024,06/05/2024,7,273,2,0.007,ND_INVALID_BREEDING_TYPE,06/04/2024,06/11/2024,8,312,30,0.096,Yes,06/11/2024
63468,2024 Rancho Jamul - North Pond,2024 Rancho Jamul - North Pond p1,No Colony,NHD,Not ARI-scorable,0.5,No female denominator,No Colony,,NHD,NEED,NEED,3/27/2024,6/22/2024,ND,ND,0,0,0,0.0,ND,ND,0,0,0,0.0,NHD,ND,ND,0,0,0,0.0,No,NHD
63089,2024 SJWA Thistle NW of Bridge Street Pond,2024 San Jacinto Wildlife Area - Thistle Patch NE of Bridge Street Pond p1,Successful,NHD,Not ARI-scorable,0.5,No female denominator,Simple,,NHD,Milk thistle,100,6/5/2024,6/22/2024,ND,ND,0,0,0,0.0,ND,ND,0,0,0,0.0,NHD,ND,ND,0,0,0,0.0,No,NHD
63049,2024 Ohlone - Santa Lucia Preserve,2024 Santa Lucia Preserve - Ohlone Pond p1,Successful,ND_INVALID_BREEDING_TYPE,Not ARI-scorable,0.5,Stable female denominator,Asynchronous,,5/2/2024,Bulrush (Schoenoplectus spp.),250,4/10/2024,7/1/2024,04/23/2024,04/29/2024,7,273,22,0.081,05/06/2024,05/12/2024,7,273,75,0.275,ND_INVALID_BREEDING_TYPE,05/11/2024,05/18/2024,8,312,4,0.013,Yes,05/18/2024
63738,2024 Sedgwick,2024 Sedgwick Reserve Pond p1,Successful,ND_INVALID_BREEDING_TYPE,Not ARI-scorable,0.5,Moderate female denominator,Asynchronous,,4/20/2024,Cattails,300,4/4/2024,8/4/2024,04/11/2024,04/17/2024,7,273,7,0.026,04/24/2024,04/30/2024,7,273,104,0.381,ND_INVALID_BREEDING_TYPE,04/29/2024,05/06/2024,8,312,4,0.013,Yes,05/06/2024
63116,2024 WA Harder Spring,2024 Washington State - Harder Spring p1,Successful,Numeric,Reduced offspring acoustic activity,0.5,Moderate female denominator,Sequential,,6/7/2024,"Bulrush, cattails, common reed",100,3/25/2024,8/3/2024,05/29/2024,06/04/2024,7,273,7,0.026,06/11/2024,06/17/2024,7,273,0,0.0,0.0,06/16/2024,06/23/2024,8,312,1,0.003,Yes,06/22/2024
63116,2024 WA Harder Spring,2024 Washington State - Harder Spring p2,Successful,Numeric,High offspring acoustic activity,0.5,Moderate female denominator,Sequential,,7/18/2024,"Bulrush, cattails, common reed",100,3/25/2024,8/3/2024,07/09/2024,07/15/2024,7,273,6,0.022,07/22/2024,07/28/2024,7,273,14,0.051,2.318,07/27/2024,08/03/2024,8,312,71,0.228,Yes,08/03/2024
63465,2024 WA McCain Pond,2024 Washington State - McCain Wetlands p1,Partially Abandoned,Numeric,Reduced offspring acoustic activity,0.5,Moderate female denominator,Simple,,5/2/2024,"Cattails, common reed",600,3/29/2024,8/9/2024,04/23/2024,04/29/2024,7,273,13,0.048,05/06/2024,05/12/2024,7,273,6,0.022,0.458,05/11/2024,05/18/2024,8,312,1,0.003,Yes,05/15/2024
65481,2024 Wind Wolves Preserve - Los Lobos,2024 Wind Wolves Preserve - Los Lobos p1,Successful,NHD,Not ARI-scorable,0.5,No female denominator,Sequential,,NHD,Stinging nettle,100,4/30/2024,9/11/2024,ND,ND,0,0,0,0.0,ND,ND,0,0,0,0.0,NHD,ND,ND,0,0,0,0.0,No,NHD
65481,2024 Wind Wolves Preserve - Los Lobos,2024 Wind Wolves Preserve - Los Lobos p2,Successful,ND_NO_FEMALE_CALLS,Not ARI-scorable,0.5,No female denominator,Sequential,,5/21/2024,Stinging nettle,100,4/30/2024,9/11/2024,05/12/2024,05/18/2024,7,273,0,0.0,05/25/2024,05/31/2024,7,273,18,0.066,ND_NO_FEMALE_CALLS,05/30/2024,06/06/2024,8,312,50,0.16,Yes,06/06/2024
65482,2024 Wind Wolves Preserve - Pleitito,2024 Wind Wolves Preserve - Pleitito Creek p1,Successful,ND_INVALID_BREEDING_TYPE,Not ARI-scorable,0.5,No female denominator,Complex,"Asynchronous, Sequential",4/18/2024,Stinging nettle,20-50,4/26/2024,8/11/2024,04/09/2024,04/15/2024,7,0,0,0.0,04/22/2024,04/28/2024,7,110,72,0.655,ND_INVALID_BREEDING_TYPE,04/27/2024,05/04/2024,8,312,99,0.317,Yes,05/04/2024
65482,2024 Wind Wolves Preserve - Pleitito,2024 Wind Wolves Preserve - Pleitito Creek p2,Successful,ND_INVALID_BREEDING_TYPE,Not ARI-scorable,0.5,Moderate female denominator,Complex,"Asynchronous, Sequential",5/25/2024,Stinging nettle,20-50,4/26/2024,8/11/2024,05/16/2024,05/22/2024,7,273,9,0.033,05/29/2024,06/04/2024,7,273,122,0.447,ND_INVALID_BREEDING_TYPE,06/03/2024,06/10/2024,8,312,12,0.038,Yes,06/10/2024
65483,2024 Wind Wolves Preserve - Santiago,2024 Wind Wolves Preserve - Santiago Wetlands p1,Successful,NHD,Not ARI-scorable,0.5,No female denominator,Asynchronous,,NHD,"Cattails, Stinging nettle",250-300,4/30/2024,8/31/2024,ND,ND,0,0,0,0.0,ND,ND,0,0,0,0.0,NHD,ND,ND,0,0,0,0.0,No,NHD
65480,2024 Wind Wolves Preserve - Tevis,2024 Wind Wolves Preserve - Tevis p1,Successful,ND_NO_FEMALE_CALLS,Not ARI-scorable,0.5,No female denominator,Simple,,5/3/2024,Stinging nettle,5-10,4/30/2024,9/24/2024,04/24/2024,04/30/2024,7,24,0,0.0,05/07/2024,05/13/2024,7,273,9,0.033,ND_NO_FEMALE_CALLS,05/12/2024,05/19/2024,8,312,33,0.106,Yes,05/19/2024
