Site_ID,Site_Name,Pulse_Name,Outcome,ARI_Status,ARI_Class,ARI_Class_Threshold,ARI_Female_Denominator_Confidence,Breeding_Type,Complex_Types,Hatch_Date,Substrate,Colony_Size,Deployment_Start,Deployment_End,ARI_Window_Female_Start,ARI_Window_Female_End,Incubation_Days,ARI_Total_Female_Recordings,Female_Detection_Recordings,Female_Detection_Rate,ARI_Window_Nestling_Start,ARI_Window_Nestling_End,Nestling_Days,ARI_Total_Nestling_Recordings,Nestling_Detection_Recordings,Nestling_Detection_Rate,ARI,Fledgling_Window_Start,Fledgling_Window_End,Fledgling_Days,Fledgling_Total_Recordings,Fledgling_Detection_Recordings,Fledgling_Detection_Rate,Fledglings_Present,Latest_Fledgling_Rec
2059,2017 Rush Ranch,2017 Rush Ranch p1,Abandoned,OK,No detected offspring acoustic evidence,0.5,Moderate female denominator,Sequential,,~2017-04-29,"Bulrush, cattails",800,2017-03-02,2017-07-24,2017-04-20,2017-04-26,7,273,7,0.026,2017-05-04,2017-05-10,7,273,0,0.0,0.0,2017-05-08,2017-05-15,8,312,0,0.0,No,ND
2059,2017 Rush Ranch,2017 Rush Ranch p2,Successful,OK,High offspring acoustic activity,0.5,Stable female denominator,Sequential,,2017-05-30,"Bulrush, cattails",800,2017-03-02,2017-07-24,2017-05-21,2017-05-27,7,273,150,0.549,2017-06-04,2017-06-10,7,234,129,0.551,1.004,2017-06-08,2017-06-15,8,312,33,0.106,Yes,2017-06-15
2059,2017 Rush Ranch,2017 Rush Ranch p3,Successful,OK,Reduced offspring acoustic activity,0.5,Stable female denominator,Sequential,,2017-06-29,"Bulrush, cattails",800,2017-03-02,2017-07-24,2017-06-20,2017-06-26,7,273,90,0.33,2017-07-04,2017-07-10,7,138,15,0.109,0.33,2017-07-08,2017-07-15,8,234,2,0.009,Yes,2017-07-13
3150,2018 Iron Point,2018 Iron Point p1,No Colony,NHD,Not ARI-scorable,0.5,No female denominator,No Colony,,NHD,Himalayan blackberry,2000,2018-04-22,2018-05-19,ND,ND,0,0,0,0.0,ND,ND,0,0,0,0.0,,ND,ND,0,0,0,0.0,No,NHD
3348,2018 Markham Ravine Main,2018 Markham Ravine p1,Successful,NHD,Not ARI-scorable,0.5,No female denominator,Unknown,,NHD,Himalayan blackberry,1000,2018-06-26,2018-07-23,ND,ND,0,0,0,0.0,ND,ND,0,0,0,0.0,,ND,ND,0,0,0,0.0,No,NHD
3366,2018 Markham Ravine westside,2018 Markham Ravine - West p1,Successful,NHD,Not ARI-scorable,0.5,No female denominator,Unknown,,NHD,Himalayan blackberry,1000,2018-06-26,2018-07-13,ND,ND,0,0,0,0.0,ND,ND,0,0,0,0.0,,ND,ND,0,0,0,0.0,No,NHD
3281,2018 Red Wing Ranch,2018 Yankee Slough Ranch Preserve p1,Abandoned,ND_INVALID_BREEDING_TYPE,Not ARI-scorable,0.5,Stable female denominator,Unknown,,2018-05-17,"Himalayan blackberry, Bulrush, cattails",3000,2018-05-04,2018-06-04,2018-05-08,2018-05-14,7,273,122,0.447,2018-05-22,2018-05-28,7,273,0,0.0,,2018-05-26,2018-06-02,8,311,0,0.0,No,ND
2719,2018 Rush Ranch,2018 Rush Ranch p1,Successful,OK,High offspring acoustic activity,0.5,Stable female denominator,Simple,,2018-05-26,"Bulrush, cattails",2000,2018-02-09,2018-06-26,2018-05-17,2018-05-23,7,546,39,0.071,2018-05-31,2018-06-06,7,272,18,0.066,0.93,2018-06-04,2018-06-11,8,311,4,0.013,Yes,2018-06-11
3682,2018 SJWA-rose-2,2018 San Jacinto Wildlife Area - Bridge St. Pond p1,Abandoned,NHD,Not ARI-scorable,0.5,No female denominator,Unknown,,NHD,"Bulrush, cattails",30000,2018-04-10,2018-04-27,ND,ND,0,0,0,0.0,ND,ND,0,0,0,0.0,,ND,ND,0,0,0,0.0,No,NHD
3417,2018 SJWA-rose-1,2018 San Jacinto Wildlife Area - Little Ramona p1,No Colony,NHD,Not ARI-scorable,0.5,No female denominator,No Colony,,NHD,"Bulrush, cattails",30000,2018-04-02,2018-04-10,ND,ND,0,0,0,0.0,ND,ND,0,0,0,0.0,,ND,ND,0,0,0,0.0,No,NHD
82621,2018 SJWA WSS,2018 SJWA Little Ramona p1,Abandoned,ND_INVALID_BREEDING_TYPE,Not ARI-scorable,0.5,Moderate female denominator,Unknown,,~2018-04-30,"Bulrush, cattails",30000,2018-04-02,2018-05-01,2018-04-21,2018-04-27,7,273,7,0.026,2018-05-05,2018-05-01,0,0,0,0.0,,2018-05-09,2018-05-01,0,0,0,0.0,No,ND
5642,2019 Colusa NWR 27-1,2019 Colusa NWR T27-1N p1,Successful,NHD,Not ARI-scorable,0.5,No female denominator,Simple,,NHD,"Bulrush, cattails",20000,2019-05-27,2019-08-12,ND,ND,0,0,0,0.0,ND,ND,0,0,0,0.0,,ND,ND,0,0,0,0.0,No,NHD
5643,2019 Colusa NWR 27-2,2019 Colusa NWR T27-2S p1,Partially Abandoned,OK,Reduced offspring acoustic activity,0.5,Stable female denominator,Simple,,2019-05-29,"Bulrush, cattails",200,2019-05-21,2019-06-18,2019-05-21,2019-05-26,6,206,25,0.121,2019-06-03,2019-06-09,7,248,2,0.008,0.066,2019-06-07,2019-06-14,8,291,1,0.003,Yes,2019-06-14
4455,2019 Creed Road,2019 Denverton Creek p1,Successful,OK,High offspring acoustic activity,0.5,Stable female denominator,Sequential,,2019-05-10,Himalayan blackberry,1000,2019-03-17,2019-07-07,2019-05-01,2019-05-07,7,287,57,0.199,2019-05-15,2019-05-21,7,287,38,0.132,0.663,2019-05-19,2019-05-26,8,328,69,0.21,Yes,2019-05-26
4455,2019 Creed Road,2019 Denverton Creek p2,Abandoned,OK,No detected offspring acoustic evidence,0.5,Low female denominator,Sequential,,~2019-06-04,Himalayan blackberry,1000,2019-03-17,2019-07-07,2019-05-26,2019-06-01,7,285,5,0.018,2019-06-09,2019-06-15,7,287,0,0.0,0.0,2019-06-13,2019-06-20,8,328,0,0.0,No,ND
4456,2019 Hay Landfill,2019 Hay Landfill p1,Successful,OK,High offspring acoustic activity,0.5,Stable female denominator,Sequential,,2019-04-27,"Bulrush, cattails",4000,2019-04-08,2019-07-07,2019-04-18,2019-04-24,7,287,90,0.314,2019-05-02,2019-05-08,7,287,60,0.209,0.666,2019-05-06,2019-05-13,8,328,9,0.027,Yes,2019-05-13
4456,2019 Hay Landfill,2019 Hay Landfill p2,Partially Abandoned,OK,Reduced offspring acoustic activity,0.5,Stable female denominator,Sequential,,2019-06-09,"Bulrush, cattails",4000,2019-04-08,2019-07-07,2019-05-31,2019-06-06,7,287,44,0.153,2019-06-14,2019-06-20,7,287,1,0.003,0.02,2019-06-18,2019-06-25,8,328,9,0.027,Yes,2019-06-25
4979,2019 Iron Point,2019 Iron Point p1,Successful,ND_INVALID_BREEDING_TYPE,Not ARI-scorable,0.5,Stable female denominator,Complex,"Asynchronous, Sequential",2019-05-03,Himalayan blackberry,1500,2019-04-24,2019-08-01,2019-04-24,2019-04-30,7,244,137,0.561,2019-05-08,2019-05-14,7,272,36,0.132,,2019-05-12,2019-05-19,8,310,128,0.413,Yes,2019-05-19
4979,2019 Iron Point,2019 Iron Point p2,Successful,ND_INVALID_BREEDING_TYPE,Not ARI-scorable,0.5,Moderate female denominator,Complex,"Asynchronous, Sequential",~2019-06-14,Himalayan blackberry,1500,2019-04-24,2019-08-01,2019-06-05,2019-06-11,7,272,16,0.059,2019-06-19,2019-06-25,7,273,56,0.205,,2019-06-23,2019-06-30,8,312,224,0.718,Yes,2019-06-30
4979,2019 Iron Point,2019 Iron Point p3,Successful,ND_INVALID_BREEDING_TYPE,Not ARI-scorable,0.5,Stable female denominator,Complex,"Asynchronous, Sequential",2019-06-10,Himalayan blackberry,1500,2019-04-24,2019-08-01,2019-06-01,2019-06-07,7,272,60,0.221,2019-06-15,2019-06-21,7,273,109,0.399,,2019-06-19,2019-06-26,8,312,194,0.622,Yes,2019-06-26
4639,2019 Leisure Town,2019 Leisure Town Road p1,Successful,NHD,Not ARI-scorable,0.5,No female denominator,Sequential,,NHD,"Bulrush, cattails",2000,2019-03-17,2019-07-07,ND,ND,0,0,0,0.0,ND,ND,0,0,0,0.0,,ND,ND,0,0,0,0.0,No,NHD
4639,2019 Leisure Town,2019 Leisure Town Road p2,Successful,NHD,Not ARI-scorable,0.5,No female denominator,Sequential,,NHD,"Bulrush, cattails",2000,2019-03-17,2019-07-07,ND,ND,0,0,0,0.0,ND,ND,0,0,0,0.0,,ND,ND,0,0,0,0.0,No,NHD
5637,2019 Markham Ravine,2019 Markham Ravine p1,Partially Abandoned,OK,Reduced offspring acoustic activity,0.5,Stable female denominator,Simple,,2019-05-28,"Himalayan blackberry, willow",1500,2019-05-10,2019-07-08,2019-05-19,2019-05-25,7,273,157,0.575,2019-06-02,2019-06-08,7,273,50,0.183,0.318,2019-06-06,2019-06-13,8,312,1,0.003,Yes,2019-06-12
5640,2019 Markham Ravine 2,2019 Markham Ravine 2 p1,Partially Abandoned,OK,Reduced offspring acoustic activity,0.5,Stable female denominator,Simple,,2019-05-31,"Himalayan blackberry, willow",10000,2019-05-10,2019-07-08,2019-05-22,2019-05-28,7,273,110,0.403,2019-06-05,2019-06-11,7,273,18,0.066,0.164,2019-06-09,2019-06-16,8,312,2,0.006,Yes,2019-06-11
5638,2019 Rush Ranch,2019 Rush Ranch p1,Abandoned,ND_INVALID_BREEDING_TYPE,Not ARI-scorable,0.5,Moderate female denominator,Unknown,,2019-05-21,"Bulrush, cattails",500,2019-02-06,2019-07-06,2019-05-12,2019-05-18,7,273,17,0.062,2019-05-26,2019-06-01,7,273,0,0.0,,2019-05-30,2019-06-06,8,312,0,0.0,No,ND
7657,2020 Conaway Ranch,2020 Conaway Ranch p1,Successful,ND_INVALID_BREEDING_TYPE,Not ARI-scorable,0.5,Moderate female denominator,Asynchronous,,2020-06-06,Cattails with bulrush,19000,2020-05-18,2020-07-10,2020-05-28,2020-06-03,7,259,7,0.027,2020-06-11,2020-06-17,7,259,0,0.0,,2020-06-15,2020-06-22,8,296,35,0.118,Yes,2020-06-22
2908,2020 Creed Road,2020 Denverton Creek p1,No Colony,NHD,Not ARI-scorable,0.5,No female denominator,No Colony,,NHD,Himalayan blackberry,1000,2020-02-12,2020-07-11,ND,ND,0,0,0,0.0,ND,ND,0,0,0,0.0,,ND,ND,0,0,0,0.0,No,NHD
57589,2020 Fort Ord,2020 Fort Ord p1,Successful,OK,High offspring acoustic activity,0.5,Moderate female denominator,Simple,,2020-04-24,"Stinging nettle (Urtica spp.), Poison hemlock (Conium maculatum)",No Colony,2020-04-08,2020-07-15,2020-04-15,2020-04-21,7,259,19,0.073,2020-04-29,2020-05-05,7,259,78,0.301,4.123,2020-05-03,2020-05-10,8,296,12,0.041,Yes,2020-05-10
6199,2020 Hay Landfill,2020 Hay Landfill p1,Successful,ND_INVALID_BREEDING_TYPE,Not ARI-scorable,0.5,Moderate female denominator,Asynchronous,,2020-04-27,"Bulrush, cattails",4000,2020-02-12,2020-07-10,2020-04-18,2020-04-24,7,112,13,0.116,2020-05-02,2020-05-08,7,112,18,0.161,,2020-05-06,2020-05-13,8,128,21,0.164,Yes,2020-05-13
6199,2020 Hay Landfill,2020 Hay Landfill p2,Successful,NHD,Not ARI-scorable,0.5,No female denominator,Asynchronous,,NHD,"Bulrush, cattails",4000,2020-02-12,2020-07-10,ND,ND,0,0,0,0.0,ND,ND,0,0,0,0.0,,ND,ND,0,0,0,0.0,No,NHD
7650,2020 Iron Point,2020 Iron Point p1,No Colony,NHD,Not ARI-scorable,0.5,No female denominator,No Colony,,NHD,Himalayan blackberry,No Colony,2020-04-19,2020-08-05,ND,ND,0,0,0,0.0,ND,ND,0,0,0,0.0,,ND,ND,0,0,0,0.0,No,NHD
6404,2020 Markham Ravine,2020 Markham Ravine p1,Partially Abandoned,OK,Reduced offspring acoustic activity,0.5,Stable female denominator,Simple,,2020-05-19,"Himalayan blackberry, willow",1000,2020-04-28,2020-06-24,2020-05-10,2020-05-16,7,259,198,0.764,2020-05-24,2020-05-30,7,259,42,0.162,0.212,2020-05-28,2020-06-04,8,283,8,0.028,Yes,2020-06-04
2915,2020 Rush Ranch,2020 Rush Ranch p1,No Colony,NHD,Not ARI-scorable,0.5,No female denominator,No Colony,,NHD,"Bulrush, cattails",No Colony,2020-02-12,2020-07-10,ND,ND,0,0,0,0.0,ND,ND,0,0,0,0.0,,ND,ND,0,0,0,0.0,No,NHD
18572,2020 Ohlone - Santa Lucia Preserve,2020 Santa Lucia Preserve - Ohlone Pond p1,Successful,OK,High offspring acoustic activity,0.5,Stable female denominator,Simple,,~2020-05-02,Bulrush (Schoenoplectus spp.),80,2020-03-25,2020-07-18,2020-04-23,2020-04-29,7,111,38,0.342,2020-05-07,2020-05-13,7,112,46,0.411,1.202,2020-05-11,2020-05-18,8,128,39,0.305,Yes,2020-05-18
24130,2021 Colusa NWR 27-1,2021 Colusa NWR T27-1&2 p1,Successful,OK,High offspring acoustic activity,0.5,Moderate female denominator,Simple,,~2021-06-02,"Bulrush, cattails",Unknown,2021-04-21,2021-06-26,2021-05-24,2021-05-30,7,546,11,0.02,2021-06-07,2021-06-13,7,534,23,0.043,2.15,2021-06-11,2021-06-18,8,580,6,0.01,Yes,2021-06-16
24221,2021 Colusa NWR 27-2,2021 Colusa NWR T27-2S p1,Unknown,ND_INVALID_BREEDING_TYPE,Not ARI-scorable,0.5,Stable female denominator,Unknown,,~2021-06-13,"Bulrush, cattails",10000,2021-04-21,2021-06-21,2021-06-04,2021-06-10,7,546,66,0.121,2021-06-18,2021-06-21,4,239,0,0.0,,2021-06-22,2021-06-21,0,0,0,0.0,No,ND
21652,2021 Conaway East,2021 Conaway East p1,Successful,OK,High offspring acoustic activity,0.5,Low female denominator,Simple,,2021-06-11,Cattails with bulrush,10000,2021-05-20,2021-07-05,2021-06-02,2021-06-08,7,273,1,0.004,2021-06-16,2021-06-22,7,273,7,0.026,6.5,2021-06-20,2021-06-27,8,312,125,0.401,Yes,2021-06-27
24652,2021 Conaway South,2021 Conaway South p1,Successful,OK,High offspring acoustic activity,0.5,Stable female denominator,Simple,,2021-06-10,Cattails with bulrush,10000,2021-05-20,2021-07-05,2021-06-01,2021-06-07,7,273,85,0.311,2021-06-15,2021-06-21,7,273,112,0.41,1.318,2021-06-19,2021-06-26,8,312,93,0.298,Yes,2021-06-26
21591,2021 Conaway West,2021 Conaway West p1,Successful,OK,High offspring acoustic activity,0.5,Low female denominator,Simple,,2021-06-02,Cattails with bulrush,10000,2021-05-12,2021-06-28,2021-05-24,2021-05-30,7,273,1,0.004,2021-06-07,2021-06-13,7,273,8,0.029,7.25,2021-06-11,2021-06-18,8,312,13,0.042,Yes,2021-06-18
24122,2021 Dagnino Pond,2021 Dagnino Pond p1,No Colony,NHD,Not ARI-scorable,0.5,No female denominator,No Colony,,NHD,"Bulrush, cattails, Mustard",No Colony,2021-04-29,2021-07-12,ND,ND,0,0,0,0.0,ND,ND,0,0,0,0.0,,ND,ND,0,0,0,0.0,No,NHD
21681,2021 Creed Road,2021 Denverton Creek p1,No Colony,NHD,Not ARI-scorable,0.5,No female denominator,No Colony,,NHD,Himalayan blackberry,1000,2021-02-02,2021-05-12,ND,ND,0,0,0,0.0,ND,ND,0,0,0,0.0,,ND,ND,0,0,0,0.0,No,NHD
24651,2021 Reeds Creek North,2021 Erle Road-Reeds Creek North p1,Abandoned,NHD,Not ARI-scorable,0.5,No female denominator,Unknown,,NHD,"Himalayan blackberry, lettuce",1000,2021-05-04,2021-05-20,ND,ND,0,0,0,0.0,ND,ND,0,0,0,0.0,,ND,ND,0,0,0,0.0,No,NHD
24653,2021 Reeds Creek South,2021 Erle Road-Reeds Creek South p1,Unknown,ND_INVALID_BREEDING_TYPE,Not ARI-scorable,0.5,Stable female denominator,Unknown,,2021-05-18,Himalayan blackberry,1500,2021-05-04,2021-05-20,2021-05-09,2021-05-15,7,273,161,0.59,2021-05-23,2021-05-20,0,0,0,0.0,,2021-05-27,2021-05-20,0,0,0,0.0,No,ND
21668,2021 Foley Ranch,2021 Virginia at Ostrom p1,Successful,OK,High offspring acoustic activity,0.5,Stable female denominator,Sequential,,2021-05-12,Himalayan blackberry,10000,2021-05-04,2021-06-14,2021-05-03,2021-05-09,7,217,122,0.562,2021-05-17,2021-05-23,7,273,191,0.7,1.246,2021-05-21,2021-05-28,8,312,41,0.131,Yes,2021-05-28
21668,2021 Foley Ranch,2021 Virginia at Ostrom p2,Unknown,ND_INSUFFICIENT_DAYS,Not ARI-scorable,0.5,Moderate female denominator,Sequential,,2021-06-13,Himalayan blackberry,10000,2021-05-04,2021-06-14,2021-06-04,2021-06-10,7,273,11,0.04,2021-06-18,2021-06-14,0,0,0,0.0,,2021-06-22,2021-06-14,0,0,0,0.0,No,ND
21688,2021 Hale Road 2,2021 Hale Road 2 p1,Successful,OK,High offspring acoustic activity,0.5,Stable female denominator,Simple,,2021-05-14,"Himalayan blackberry, bulrush",7000,2021-05-04,2021-06-14,2021-05-05,2021-05-11,7,273,196,0.718,2021-05-19,2021-05-25,7,273,206,0.755,1.052,2021-05-23,2021-05-30,8,312,38,0.122,Yes,2021-05-30
11101,2021 Hay Landfill,2021 Hay Landfill p1,Unknown,ND_INVALID_BREEDING_TYPE,Not ARI-scorable,0.5,Stable female denominator,Unknown,,2021-04-25,"Bulrush, cattails",4000,2021-02-02,2021-05-08,2021-04-16,2021-04-22,7,252,30,0.119,2021-04-30,2021-05-05,6,59,5,0.085,,2021-05-04,2021-05-05,2,16,0,0.0,No,ND
24658,2021 Iron Point,2021 Iron Point p1,Abandoned,ND_INVALID_BREEDING_TYPE,Not ARI-scorable,0.5,No female denominator,Unknown,,~2021-05-04,Himalayan blackberry,No Colony,2021-02-02,2021-05-14,2021-04-25,2021-05-01,7,266,0,0.0,2021-05-09,2021-05-14,6,139,0,0.0,,2021-05-13,2021-05-14,2,30,0,0.0,No,ND
24606,2021 Kern 1,2021 Kern 1 p1,Successful,ND_NO_FEMALE_CALLS,Not ARI-scorable,0.5,No female denominator,Simple,,2021-06-01,"Stinging nettle, mulefat",NEED,2021-04-09,2021-08-05,2021-05-23,2021-05-29,7,273,0,0.0,2021-06-06,2021-06-12,7,273,0,0.0,,2021-06-10,2021-06-17,8,312,0,0.0,No,ND
24544,2021 Kern 2,2021 Kern 2 p1,No Colony,NHD,Not ARI-scorable,0.5,No female denominator,No Colony,,NHD,Cattails,No Colony,2021-04-06,2021-07-30,ND,ND,0,0,0,0.0,ND,ND,0,0,0,0.0,,ND,ND,0,0,0,0.0,No,NHD
24641,2021 Kern 3,2021 Kern 3 p1,No Colony,NHD,Not ARI-scorable,0.5,No female denominator,No Colony,,NHD,Bulrush,No Colony,2021-04-06,2021-08-05,ND,ND,0,0,0,0.0,ND,ND,0,0,0,0.0,,ND,ND,0,0,0,0.0,No,NHD
24655,2021 Kern 4,2021 Kern 4 p1,Partially Abandoned,OK,Reduced offspring acoustic activity,0.5,Stable female denominator,Simple,,~2021-05-13,Stinging nettle,NEED,2021-04-19,2021-08-10,2021-05-04,2021-05-10,7,273,36,0.132,2021-05-18,2021-05-24,7,273,3,0.011,0.083,2021-05-22,2021-05-29,8,312,0,0.0,No,ND
26534,2021 Kern 5,2021 Kern 5 p1,Successful,ND_INVALID_BREEDING_TYPE,Not ARI-scorable,0.5,No female denominator,Complex,"Asynchronous, Sequential",~2021-04-25,Himalayan blackberry,NEED,2021-04-27,2021-08-17,2021-04-16,2021-04-22,7,0,0,0.0,2021-04-30,2021-05-06,7,273,87,0.319,,2021-05-04,2021-05-11,8,312,0,0.0,No,ND
26534,2021 Kern 5,2021 Kern 5 p2,Successful,NHD,Not ARI-scorable,0.5,No female denominator,Complex,"Asynchronous, Sequential",NHD,Himalayan blackberry,NEED,2021-04-27,2021-08-17,ND,ND,0,0,0,0.0,ND,ND,0,0,0,0.0,,ND,ND,0,0,0,0.0,No,NHD
26535,2021 Kern 6,2021 Kern 6 p1,No TRBL,NHD,Not ARI-scorable,0.5,No female denominator,No TRBL,,NHD,Cattails,No Colony,2021-05-01,2021-08-21,ND,ND,0,0,0,0.0,ND,ND,0,0,0,0.0,,ND,ND,0,0,0,0.0,No,NHD
26536,2021 Kern 7,2021 Kern 7 p1,Abandoned,ND_INVALID_BREEDING_TYPE,Not ARI-scorable,0.5,Stable female denominator,Unknown,,2021-05-31,Stinging nettle,NEED,2021-05-17,2021-09-01,2021-05-22,2021-05-28,7,273,29,0.106,2021-06-05,2021-06-11,7,273,0,0.0,,2021-06-09,2021-06-16,8,312,0,0.0,No,ND
26432,2021 Markham Ravine,2021 Markham Ravine p1,No TRBL,NHD,Not ARI-scorable,0.5,No female denominator,No TRBL,,NHD,"Himalayan blackberry, willow",No Colony,2021-04-30,2021-06-23,ND,ND,0,0,0,0.0,ND,ND,0,0,0,0.0,,ND,ND,0,0,0,0.0,No,NHD
24252,2021 Orchard Creek,2021 Orchard Creek p1,Successful,ND_INVALID_BREEDING_TYPE,Not ARI-scorable,0.5,Stable female denominator,Additions,,2021-05-01,Himalayan blackberry,2500,2021-04-19,2021-07-04,2021-04-22,2021-04-28,7,273,101,0.37,2021-05-06,2021-05-12,7,273,50,0.183,,2021-05-10,2021-05-17,8,312,37,0.119,Yes,2021-05-17
24252,2021 Orchard Creek,2021 Orchard Creek p2,Successful,ND_INVALID_BREEDING_TYPE,Not ARI-scorable,0.5,Stable female denominator,Additions,,2021-05-25,Himalayan blackberry,2500,2021-04-19,2021-07-04,2021-05-16,2021-05-22,7,273,110,0.403,2021-05-30,2021-06-05,7,273,211,0.773,,2021-06-03,2021-06-10,8,312,115,0.369,Yes,2021-06-10
24233,2021 Panoche Creek Preserve 1W,2021 Panoche Creek Marsh East 1 p1,Partially Abandoned,OK,No detected offspring acoustic evidence,0.5,Stable female denominator,Simple,,2021-05-04,Cattails,3500,2021-04-01,2021-07-14,2021-04-25,2021-05-01,7,273,86,0.315,2021-05-09,2021-05-15,7,273,0,0.0,0.0,2021-05-13,2021-05-20,8,312,0,0.0,No,ND
24232,2021 Panoche Creek Preserve 2E,2021 Panoche Creek Marsh East 2 p1,Successful,OK,Reduced offspring acoustic activity,0.5,Stable female denominator,Simple,,2021-05-02,Cattails,3500,2021-04-01,2021-07-14,2021-04-23,2021-04-29,7,273,123,0.451,2021-05-07,2021-05-13,7,273,41,0.15,0.333,2021-05-11,2021-05-18,8,312,14,0.045,Yes,2021-05-18
21537,2021 Plumas Arboga,2021 Plumas Arboga p1,Unknown,ND_INVALID_BREEDING_TYPE,Not ARI-scorable,0.5,Stable female denominator,Unknown,,2021-05-27,Cattails with Himalayan blackberry,2000,2021-05-14,2021-06-04,2021-05-18,2021-05-24,7,273,145,0.531,2021-06-01,2021-06-04,4,136,42,0.309,,2021-06-05,2021-06-04,0,0,0,0.0,No,ND
24119,2021 Rancho Jamul,2021 Rancho Jamul p1,Successful,NHD,Not ARI-scorable,0.5,No female denominator,Asynchronous,,NHD,"Cattails, bulrush or tule",NEED,2021-03-19,2021-06-05,ND,ND,0,0,0,0.0,ND,ND,0,0,0,0.0,,ND,ND,0,0,0,0.0,No,NHD
24231,2021 Rodeo Grounds 1,2021 Rodeo Grounds p1,Successful,OK,High offspring acoustic activity,0.5,Stable female denominator,Simple,,2021-05-02,Himalayan blackberry,40,2021-04-19,2021-06-13,2021-04-23,2021-04-29,7,273,210,0.769,2021-05-07,2021-05-13,7,273,197,0.722,0.939,2021-05-11,2021-05-18,8,312,147,0.471,Yes,2021-05-18
24549,2021 Rush Ranch,2021 Rush Ranch p1,No Colony,NHD,Not ARI-scorable,0.5,No female denominator,No Colony,,NHD,No Colony,No Colony,2021-02-02,2021-05-13,ND,ND,0,0,0,0.0,ND,ND,0,0,0,0.0,,ND,ND,0,0,0,0.0,No,NHD
25171,2021 SJWA,2021 San Jacinto Wildlife Area - Bridge Street Pond p1,Abandoned,ND_INVALID_BREEDING_TYPE,Not ARI-scorable,0.5,Stable female denominator,Unknown,,2021-06-15,"Bulrush, cattails",500,2021-06-02,2021-06-30,2021-06-06,2021-06-12,7,273,97,0.355,2021-06-20,2021-06-26,7,273,10,0.037,,2021-06-24,2021-06-30,7,252,0,0.0,No,ND
11100,2021 Sedgwick,2021 Sedgwick Reserve Pond p1,Unknown,ND_INVALID_BREEDING_TYPE,Not ARI-scorable,0.5,Stable female denominator,Unknown,,2021-04-28,Cattails,250,2021-03-06,2021-05-06,2021-04-19,2021-04-25,7,203,36,0.177,2021-05-03,2021-05-04,2,6,27,4.5,,2021-05-07,2021-05-04,0,0,0,0.0,No,ND
24107,2021 Willey Wetlands 1,2021 Willey Wetlands 1 p1,Successful,ND_NO_FEMALE_CALLS,Not ARI-scorable,0.5,No female denominator,Simple,,2021-06-20,"Bulrush, cattails",300,2021-06-10,2021-08-17,2021-06-11,2021-06-17,7,273,0,0.0,2021-06-25,2021-07-01,7,273,45,0.165,,2021-06-29,2021-07-06,8,312,1,0.003,Yes,2021-07-02
24261,2021 Willey Wetlands 2,2021 Willey Wetlands 2 p1,Successful,OK,High offspring acoustic activity,0.5,Stable female denominator,Simple,,2021-06-14,"Bulrush, cattails",300,2021-06-10,2021-08-17,2021-06-05,2021-06-11,7,71,27,0.38,2021-06-19,2021-06-25,7,273,147,0.538,1.416,2021-06-23,2021-06-30,8,312,73,0.234,Yes,2021-06-30
24263,2021 Willey Wetlands 3,2021 Willey Wetlands 3 p1,Successful,NHD,Not ARI-scorable,0.5,No female denominator,Simple,,NHD,"Bulrush, cattails",300,2021-06-10,2021-08-15,ND,ND,0,0,0,0.0,ND,ND,0,0,0,0.0,,ND,ND,0,0,0,0.0,No,NHD
24790,2021 Wind Wolves Preserve,2021 Wind Wolves Preserve p1,Successful,OK,High offspring acoustic activity,0.5,Stable female denominator,Simple,,2021-05-14,Stinging nettle,NEED,2021-04-14,2021-07-20,2021-05-05,2021-05-11,7,273,107,0.392,2021-05-19,2021-05-25,7,143,39,0.273,0.696,2021-05-23,2021-05-30,8,312,25,0.08,Yes,2021-05-30
34485,2022 Baja 1,2022 Baja Ciénega Redonda North p1,Successful,OK,High offspring acoustic activity,0.5,Stable female denominator,Simple,,2022-04-14,Cattails,350,2022-03-23,2022-07-12,2022-04-05,2022-04-11,7,273,34,0.125,2022-04-19,2022-04-25,7,273,79,0.289,2.312,2022-04-23,2022-04-30,8,311,24,0.077,Yes,2022-04-30
53136,2022 Baja 2,2022 Baja Ciénega Redonda North 2 p1,Successful,OK,High offspring acoustic activity,0.5,Stable female denominator,Simple,,2022-04-15,Cattails,350,2022-03-23,2022-07-17,2022-04-06,2022-04-12,7,273,24,0.088,2022-04-20,2022-04-26,7,272,120,0.441,5.011,2022-04-24,2022-05-01,8,312,32,0.103,Yes,2022-05-01
34044,2022 Colusa NWR T27.1,2022 Colusa NWR T27-1&2 p1,No TRBL,NHD,Not ARI-scorable,0.5,No female denominator,No TRBL,,NHD,"Bulrush, cattails",No Colony,2022-04-18,2022-08-04,ND,ND,0,0,0,0.0,ND,ND,0,0,0,0.0,,ND,ND,0,0,0,0.0,No,NHD
34079,2022 Colusa NWR T27.2,2022 Colusa NWR T27-2S p1,Successful,OK,Reduced offspring acoustic activity,0.5,Moderate female denominator,Simple,,2022-05-31,"Bulrush, cattails",3000,2022-04-18,2022-08-04,2022-05-22,2022-05-28,7,273,6,0.022,2022-06-05,2022-06-11,7,273,2,0.007,0.318,2022-06-09,2022-06-16,8,312,7,0.022,Yes,2022-06-16
34111,2022 Conaway New Easement Pond West,2022 Conaway New Easement Pond West p1,No TRBL,NHD,Not ARI-scorable,0.5,No female denominator,No TRBL,,NHD,Cattails with bulrush,No Colony,2022-05-11,2022-06-13,ND,ND,0,0,0,0.0,ND,ND,0,0,0,0.0,,ND,ND,0,0,0,0.0,No,NHD
34112,2022 Conaway North,2022 Conaway North p1,Successful,OK,High offspring acoustic activity,0.5,Stable female denominator,Simple,,2022-05-21,"Cattails, Himalayan blackberry, willow",15000,2022-05-04,2022-06-28,2022-05-12,2022-05-18,7,546,489,0.896,2022-05-26,2022-06-01,7,546,446,0.817,0.912,2022-05-30,2022-06-06,8,624,357,0.572,Yes,2022-06-06
34113,2022 Conaway North A,2022 Conaway North A p1,Successful,OK,High offspring acoustic activity,0.5,Stable female denominator,Simple,,2022-05-22,"Cattails, Himalayan blackberry, willow",15000,2022-05-04,2022-06-28,2022-05-13,2022-05-19,7,546,259,0.474,2022-05-27,2022-06-02,7,546,286,0.524,1.105,2022-05-31,2022-06-07,8,624,264,0.423,Yes,2022-06-07
34115,2022 Conaway East,2022 Conaway Ranch Reservoir p1,Partially Abandoned,OK,Reduced offspring acoustic activity,0.5,Stable female denominator,Simple,,2022-05-23,Himalayan blackberry,Unknown,2022-05-09,2022-06-28,2022-05-14,2022-05-20,7,546,142,0.26,2022-05-28,2022-06-03,7,546,22,0.04,0.154,2022-06-01,2022-06-08,8,624,4,0.006,Yes,2022-06-08
34078,2022 Creed Road,2022 Denverton Creek p1,Successful,OK,High offspring acoustic activity,0.5,Stable female denominator,Simple,,2022-04-15,Himalayan blackberry,1000,2022-02-13,2022-08-20,2022-04-06,2022-04-12,7,273,178,0.652,2022-04-20,2022-04-26,7,273,233,0.853,1.308,2022-04-24,2022-05-01,8,312,51,0.163,Yes,2022-05-01
34118,2022 Foley Ranch A,2022 Virginia at Ostrom A p1,No Colony,NHD,Not ARI-scorable,0.5,No female denominator,No Colony,,NHD,Himalayan blackberry,5000,2022-04-24,2022-06-06,ND,ND,0,0,0,0.0,ND,ND,0,0,0,0.0,,ND,ND,0,0,0,0.0,No,NHD
34119,2022 Foley Ranch B,2022 Virginia at Ostrom B p1,No Colony,NHD,Not ARI-scorable,0.5,No female denominator,No Colony,,NHD,Himalayan blackberry,5000,2022-04-24,2022-06-06,ND,ND,0,0,0,0.0,ND,ND,0,0,0,0.0,,ND,ND,0,0,0,0.0,No,NHD
33966,2022 Hay Landfill,2022 Hay Landfill p1,Partially Abandoned,OK,Reduced offspring acoustic activity,0.5,Stable female denominator,Sequential,,2022-04-12,"Bulrush, cattails",4000,2022-02-13,2022-09-09,2022-04-03,2022-04-09,7,273,91,0.333,2022-04-17,2022-04-23,7,273,12,0.044,0.132,2022-04-21,2022-04-28,8,312,6,0.019,Yes,2022-04-28
33966,2022 Hay Landfill,2022 Hay Landfill p2,Successful,OK,High offspring acoustic activity,0.5,Low female denominator,Sequential,,2022-05-19,"Bulrush, cattails",4000,2022-02-13,2022-09-09,2022-05-10,2022-05-16,7,273,2,0.007,2022-05-24,2022-05-30,7,273,6,0.022,3.143,2022-05-28,2022-06-04,8,312,14,0.045,Yes,2022-06-04
34077,2022 Laguna Seca,2022 Laguna Seca p1,Successful,ND_NO_FEMALE_CALLS,Not ARI-scorable,0.5,No female denominator,Sequential,,2022-04-15,"Bulrush, cattails",Unknown,2022-03-20,2022-07-11,2022-04-06,2022-04-12,7,273,0,0.0,2022-04-20,2022-04-26,7,273,2,0.007,,2022-04-24,2022-05-01,8,312,0,0.0,No,ND
34077,2022 Laguna Seca,2022 Laguna Seca p2,Unknown,OK,High offspring acoustic activity,0.5,Stable female denominator,Sequential,,2022-05-25,"Bulrush, cattails",Unknown,2022-03-20,2022-07-11,2022-05-16,2022-05-22,7,273,56,0.205,2022-05-30,2022-06-05,7,273,32,0.117,0.571,2022-06-03,2022-06-10,8,312,0,0.0,No,ND
34117,2022 Los Vaqueros Reservoir,2022 Los Vaqueros Playa p1,Successful,ND_INVALID_BREEDING_TYPE,Not ARI-scorable,0.5,Stable female denominator,Unknown,,2022-04-19,Himalayan blackberry,450,2022-04-15,2022-06-08,2022-04-15,2022-04-16,2,64,46,0.719,2022-04-24,2022-04-30,7,273,213,0.78,,2022-04-28,2022-05-05,8,312,46,0.147,Yes,2022-05-05
34076,2022 Marsh Creek Reservoir,2022 Marsh Creek Reservoir p1,No TRBL,NHD,Not ARI-scorable,0.5,No female denominator,No TRBL,,NHD,Cattails,No Colony,2022-04-15,2022-06-08,ND,ND,0,0,0,0.0,ND,ND,0,0,0,0.0,,ND,ND,0,0,0,0.0,No,NHD
34075,2022 Newberry Springs - Lake Wainani,2022 Newberry Springs - Lake Wainani p1,Successful,NHD,Not ARI-scorable,0.5,No female denominator,Unknown,,NHD,"Cattails, willows",500,2022-05-12,2022-05-20,ND,ND,0,0,0,0.0,ND,ND,0,0,0,0.0,,ND,ND,0,0,0,0.0,No,NHD
33851,2022 OR1,2022 Oregon State - Warm Springs Dizney Lane p1,No Colony,NHD,Not ARI-scorable,0.5,No female denominator,No Colony,,NHD,"Cattails, Himalayan blackberry",50,2022-04-18,2022-06-09,ND,ND,0,0,0,0.0,ND,ND,0,0,0,0.0,,ND,ND,0,0,0,0.0,No,NHD
34073,2022 OR2,2022 Oregon State - Prineville Woodward Rd p1,Successful,OK,Reduced offspring acoustic activity,0.5,Moderate female denominator,Simple,,~2022-05-16,Cattails,60,2022-04-24,2022-06-03,2022-05-07,2022-05-13,7,546,6,0.011,2022-05-21,2022-05-27,7,546,0,0.0,0.0,2022-05-25,2022-06-01,8,624,16,0.026,Yes,2022-05-31
34071,2022 Paicines Ranch - Teal Pond,2022 Paicines Ranch - Teal Pond p1,Successful,OK,High offspring acoustic activity,0.5,Stable female denominator,Simple,,2022-04-22,"Bulrush, cattails",4000,2022-04-10,2022-08-06,2022-04-13,2022-04-19,7,273,28,0.103,2022-04-27,2022-05-03,7,273,30,0.11,1.068,2022-05-01,2022-05-08,8,312,13,0.042,Yes,2022-05-08
34072,2022 Paicines Ranch - Teal Pond B,2022 Paicines Ranch - Teal Pond B p1,Successful,OK,High offspring acoustic activity,0.5,Moderate female denominator,Simple,,2022-04-25,"Bulrush, cattails",4000,2022-04-11,2022-08-03,2022-04-16,2022-04-22,7,273,10,0.037,2022-04-30,2022-05-06,7,273,15,0.055,1.486,2022-05-04,2022-05-11,8,312,41,0.131,Yes,2022-05-11
52598,2022 Panoche Creek Preserve Loc4,2022 Panoche Creek Marsh East 1 p1,No Colony,NHD,Not ARI-scorable,0.5,No female denominator,No Colony,,NHD,Cattails,4500,2022-03-22,2022-04-14,ND,ND,0,0,0,0.0,ND,ND,0,0,0,0.0,,ND,ND,0,0,0,0.0,No,NHD
34130,2022 Panoche Creek Preserve Loc5,2022 Panoche Creek Marsh East 2 p1,Successful,OK,High offspring acoustic activity,0.5,Stable female denominator,Simple,,2022-04-20,Cattails,4500,2022-04-14,2022-06-23,2022-04-14,2022-04-17,4,144,62,0.431,2022-04-25,2022-05-01,7,273,115,0.421,0.977,2022-04-29,2022-05-06,8,312,28,0.09,Yes,2022-05-06
52597,2022 Panoche Creek Preserve Loc3,2022 Panoche Creek Preserve Location 3 p1,Successful,OK,High offspring acoustic activity,0.5,Stable female denominator,Simple,,2022-04-20,NEED,4500,2022-03-18,2022-06-23,2022-04-11,2022-04-17,7,273,72,0.264,2022-04-25,2022-05-01,7,273,103,0.377,1.428,2022-04-29,2022-05-06,8,312,9,0.029,Yes,2022-05-06
34012,2022 Plumas Arboga East,2022 Plumas Arboga 6 East p1,Successful,NHD,Not ARI-scorable,0.5,No female denominator,Complex,"Asynchronous, Sequential",NHD,Himalayan blackberry,9000,2022-05-04,2022-06-28,ND,ND,0,0,0,0.0,ND,ND,0,0,0,0.0,,ND,ND,0,0,0,0.0,No,NHD
34012,2022 Plumas Arboga East,2022 Plumas Arboga 6 East p2,Successful,ND_INVALID_BREEDING_TYPE,Not ARI-scorable,0.5,Stable female denominator,Complex,"Asynchronous, Sequential",2022-05-22,Himalayan blackberry,9000,2022-05-04,2022-06-28,2022-05-13,2022-05-19,7,546,61,0.112,2022-05-27,2022-06-02,7,546,403,0.738,,2022-05-31,2022-06-07,8,624,21,0.034,Yes,2022-06-07
34013,2022 Plumas Arboga West,2022 Plumas Arboga 6 West p1,Successful,OK,High offspring acoustic activity,0.5,Stable female denominator,Simple,,2022-05-24,Himalayan blackberry,9000,2022-05-11,2022-06-28,2022-05-15,2022-05-21,7,546,482,0.883,2022-05-29,2022-06-04,7,546,445,0.815,0.923,2022-06-02,2022-06-09,8,624,220,0.353,Yes,2022-06-09
34131,2022 Private Site 1 - not real lat lon,2022 Private Site 1 - approximate lat lon p1,Successful,ND_INVALID_BREEDING_TYPE,Not ARI-scorable,0.5,Stable female denominator,Asynchronous,,2022-04-30,Triticale,35000,2022-04-19,2022-06-03,2022-04-21,2022-04-27,7,273,33,0.121,2022-05-05,2022-05-11,7,273,141,0.516,,2022-05-09,2022-05-16,8,312,177,0.567,Yes,2022-05-16
34133,2022 Private Site 2 - not real lat lon,2022 Private Site 2 - approximate lat lon p1,Successful,NHD,Not ARI-scorable,0.5,No female denominator,Asynchronous,,NHD,Triticale,15000,2022-04-19,2022-05-02,ND,ND,0,0,0,0.0,ND,ND,0,0,0,0.0,,ND,ND,0,0,0,0.0,No,NHD
34132,2022 Private Site 3 - not real lat lon,2022 Private Site 3 - approximate lat lon p1,Successful,NHD,Not ARI-scorable,0.5,No female denominator,Asynchronous,,NHD,Milk thistle,ND,2022-04-19,2022-06-03,ND,ND,0,0,0,0.0,ND,ND,0,0,0,0.0,,ND,ND,0,0,0,0.0,No,NHD
34045,2022 Rancho Jamul,2022 Rancho Jamul p1,Successful,ND_INVALID_BREEDING_TYPE,Not ARI-scorable,0.5,Low female denominator,Asynchronous,,2022-04-14,NEED,NEED,2022-03-02,2022-07-02,2022-04-05,2022-04-11,7,273,2,0.007,2022-04-19,2022-04-25,7,273,24,0.088,,2022-04-23,2022-04-30,8,312,72,0.231,Yes,2022-04-30
34046,2022 SJWA,2022 San Jacinto Wildlife Area - Bridge Street Pond p1,Successful,ND_INVALID_BREEDING_TYPE,Not ARI-scorable,0.5,Low female denominator,Asynchronous,,2022-05-29,Cattails,800,2022-05-10,2022-06-27,2022-05-20,2022-05-26,7,273,2,0.007,2022-06-03,2022-06-09,7,273,33,0.121,,2022-06-07,2022-06-14,8,312,4,0.013,Yes,2022-06-13
34090,2022 Ohlone - Santa Lucia Preserve,2022 Santa Lucia Preserve - Ohlone Pond p1,Successful,ND_INVALID_BREEDING_TYPE,Not ARI-scorable,0.5,Stable female denominator,Asynchronous,,2022-05-02,Bulrush (Schoenoplectus spp.),50,2022-03-21,2022-08-16,2022-04-23,2022-04-29,7,273,23,0.084,2022-05-07,2022-05-13,7,273,31,0.114,,2022-05-11,2022-05-18,8,312,7,0.022,Yes,2022-05-18
33985,2022 Sedgwick,2022 Sedgwick Reserve Pond p1,Successful,OK,High offspring acoustic activity,0.5,Stable female denominator,Sequential,,2022-04-10,Cattails,200,2022-03-20,2022-07-12,2022-04-01,2022-04-07,7,273,29,0.106,2022-04-15,2022-04-21,7,273,89,0.326,3.075,2022-04-19,2022-04-26,8,312,16,0.051,Yes,2022-04-26
33985,2022 Sedgwick,2022 Sedgwick Reserve Pond p2,Successful,ND_NO_FEMALE_CALLS,Not ARI-scorable,0.5,No female denominator,Sequential,,2022-05-21,Cattails,200,2022-03-20,2022-07-12,2022-05-12,2022-05-18,7,273,0,0.0,2022-05-26,2022-06-01,7,273,142,0.52,,2022-05-30,2022-06-06,8,312,16,0.051,Yes,2022-06-06
33984,2022 WA Harder Spring,2022 Washington State - Harder Spring p1,Successful,ND_INVALID_BREEDING_TYPE,Not ARI-scorable,0.5,Stable female denominator,Additions,,~2022-05-17,"Bulrush, cattails, common reed",200,2022-03-18,2022-07-13,2022-05-08,2022-05-14,7,273,51,0.187,2022-05-22,2022-05-28,7,273,88,0.322,,2022-05-26,2022-06-02,8,312,24,0.077,Yes,2022-06-02
33984,2022 WA Harder Spring,2022 Washington State - Harder Spring p2,Successful,ND_INVALID_BREEDING_TYPE,Not ARI-scorable,0.5,Stable female denominator,Additions,,2022-06-07,"Bulrush, cattails, common reed",200,2022-03-18,2022-07-13,2022-05-29,2022-06-04,7,273,76,0.278,2022-06-12,2022-06-18,7,273,178,0.652,,2022-06-16,2022-06-23,8,312,81,0.26,Yes,2022-06-22
33845,2022 WA1,2022 Washington State - McCain Wetands p1,Successful,NHD,Not ARI-scorable,0.5,No female denominator,Unknown,,NHD,"Bulrush, cattails, common reed",175,2022-05-27,2022-08-01,ND,ND,0,0,0,0.0,ND,ND,0,0,0,0.0,,ND,ND,0,0,0,0.0,No,NHD
34088,2022 Wind Wolves Preserve Pleitito Creek,2022 Wind Wolves Preserve - Pleitito Creek p1,No Colony,NHD,Not ARI-scorable,0.5,No female denominator,No Colony,,NHD,Stinging nettle,No Colony,2022-03-11,2022-05-26,ND,ND,0,0,0,0.0,ND,ND,0,0,0,0.0,,ND,ND,0,0,0,0.0,No,NHD
34087,2022 Wind Wolves Preserve Santiago Wetlands,2022 Wind Wolves Preserve - Santiago Wetlands p1,Successful,ND_INVALID_BREEDING_TYPE,Not ARI-scorable,0.5,Moderate female denominator,Asynchronous,,~2022-04-21,Stinging nettle,75,2022-02-23,2022-08-17,2022-04-12,2022-04-18,7,273,8,0.029,2022-04-26,2022-05-02,7,273,9,0.033,,2022-04-30,2022-05-07,8,312,114,0.365,Yes,2022-05-07
48459,2023 Laguna Fry Confluence - 45 Sump,2023 45 Sump p1,Successful,OK,High offspring acoustic activity,0.5,Stable female denominator,Simple,,2023-05-11,Himalayan blackberry,5500,2023-04-25,2023-06-18,2023-05-02,2023-05-08,7,273,178,0.652,2023-05-16,2023-05-22,7,273,166,0.608,0.933,2023-05-20,2023-05-27,8,312,139,0.446,Yes,2023-05-27
48395,2023 Baja Rancho Cinega,2023 Baja Ciénega Redonda North p1,Successful,NHD,Not ARI-scorable,0.5,No female denominator,Unknown,,NHD,Cattails,150,2023-04-14,2023-08-22,ND,ND,0,0,0,0.0,ND,ND,0,0,0,0.0,,ND,ND,0,0,0,0.0,No,NHD
48455,2023 Colusa NWR T27.1,2023 Colusa NWR T27-1&2 p1,Partially Abandoned,OK,Reduced offspring acoustic activity,0.5,Stable female denominator,Simple,,2023-07-16,"Bulrush, cattails",2000,2023-06-01,2023-08-01,2023-07-07,2023-07-13,7,273,177,0.648,2023-07-21,2023-07-27,7,273,79,0.289,0.446,2023-07-25,2023-08-01,8,288,22,0.076,Yes,2023-07-30
58629,2023 Colusa NWR T27.2,2023 Colusa NWR T27-2S p1,Successful,OK,High offspring acoustic activity,0.5,Stable female denominator,Simple,,2023-06-20,"Bulrush, cattails",23000,2023-06-01,2023-08-01,2023-06-11,2023-06-17,7,273,62,0.227,2023-06-25,2023-07-01,7,273,113,0.414,1.824,2023-06-29,2023-07-06,8,312,70,0.224,Yes,2023-07-06
48473,2023 Conaway Ranch - HQ,2023 Conaway Ranch Headquarters p1,Successful,OK,High offspring acoustic activity,0.5,Stable female denominator,Simple,,2023-06-13,Himalayan blackberry,5000,2023-05-24,2023-07-05,2023-06-04,2023-06-10,7,273,181,0.663,2023-06-18,2023-06-24,7,273,203,0.744,1.122,2023-06-22,2023-06-29,8,312,101,0.324,Yes,2023-06-29
48474,2023 Conaway Ranch NE,2023 Conaway Ranch NE p1,Successful,OK,High offspring acoustic activity,0.5,Stable female denominator,Simple,,2023-06-11,Himalayan blackberry,9000,2023-05-26,2023-07-11,2023-06-02,2023-06-08,7,273,90,0.33,2023-06-16,2023-06-22,7,273,64,0.234,0.709,2023-06-20,2023-06-27,8,312,21,0.067,Yes,2023-06-27
48477,2023 Conaway Ranch North 1,2023 Conaway Ranch North 1 p1,Successful,OK,High offspring acoustic activity,0.5,Stable female denominator,Simple,,2023-06-18,"Himalayan blackberry, cattails",10000,2023-06-08,2023-07-13,2023-06-09,2023-06-15,7,273,194,0.711,2023-06-23,2023-06-29,7,273,251,0.919,1.293,2023-06-27,2023-07-04,8,312,173,0.554,Yes,2023-07-04
48476,2023 Conaway Ranch North 2,2023 Conaway Ranch North 2 p1,Successful,OK,High offspring acoustic activity,0.5,Stable female denominator,Simple,,2023-06-28,"Himalayan blackberry, cattails",10000,2023-06-13,2023-07-27,2023-06-19,2023-06-25,7,273,166,0.608,2023-07-03,2023-07-09,7,273,123,0.451,0.742,2023-07-07,2023-07-14,8,312,160,0.513,Yes,2023-07-14
48472,2023 Delevan T6,2023 Delevan NWR T6 p1,No TRBL,NHD,Not ARI-scorable,0.5,No female denominator,No TRBL,,NHD,Bulrush,No Colony,2023-05-30,2023-07-25,ND,ND,0,0,0,0.0,ND,ND,0,0,0,0.0,,ND,ND,0,0,0,0.0,No,NHD
48454,2023 Delevan NWR T43.1,2023 Delevan NWR T43-1 p1,No TRBL,NHD,Not ARI-scorable,0.5,No female denominator,No TRBL,,NHD,"Bulrush, cattails, Himalayan blackberry",No Colony,2023-05-16,2023-07-18,ND,ND,0,0,0,0.0,ND,ND,0,0,0,0.0,,ND,ND,0,0,0,0.0,No,NHD
48877,2023 Delevan NWR T43.2,2023 Delevan NWR T43-2 p1,No TRBL,NHD,Not ARI-scorable,0.5,No female denominator,No TRBL,,NHD,"Bulrush, cattails, Himalayan blackberry",No Colony,2023-05-16,2023-09-16,ND,ND,0,0,0,0.0,ND,ND,0,0,0,0.0,,ND,ND,0,0,0,0.0,No,NHD
48462,2023 Creed Rd,2023 Denverton Creek p1,Abandoned,OK,No detected offspring acoustic evidence,0.5,Low female denominator,Simple,,2023-05-21,Himalayan blackberry,1000,2023-03-12,2023-08-07,2023-05-12,2023-05-18,7,273,1,0.004,2023-05-26,2023-06-01,7,273,0,0.0,0.0,2023-05-30,2023-06-06,8,312,0,0.0,No,ND
48463,2023 Hale Road,2023 Hale Road p1,Successful,OK,High offspring acoustic activity,0.5,Stable female denominator,Sequential,,2023-06-06,"Himalayan blackberry, cattails",10000,2023-04-18,2023-07-08,2023-05-28,2023-06-03,7,273,270,0.989,2023-06-11,2023-06-17,7,273,224,0.821,0.83,2023-06-15,2023-06-22,8,312,231,0.74,Yes,2023-06-22
48463,2023 Hale Road,2023 Hale Road p2,Unknown,NHD,Not ARI-scorable,0.5,No female denominator,Sequential,,NHD,"Himalayan blackberry, cattails",10000,2023-04-18,2023-07-08,ND,ND,0,0,0,0.0,ND,ND,0,0,0,0.0,,ND,ND,0,0,0,0.0,No,NHD
48468,2023 Hale Road Site 2,2023 Hale Road Site 2 p1,Successful,OK,High offspring acoustic activity,0.5,Stable female denominator,Simple,,2023-06-06,"Himalayan blackberry, cattails",10000,2023-04-11,2023-07-08,2023-05-28,2023-06-03,7,273,261,0.956,2023-06-11,2023-06-17,7,273,261,0.956,1.0,2023-06-15,2023-06-22,8,312,260,0.833,Yes,2023-06-22
48457,2023 Iron Point,2023 Iron Point p1,Partially Abandoned,NHD,Not ARI-scorable,0.5,No female denominator,Simple,,NHD,Himalayan blackberry,600,2023-05-09,2023-08-22,ND,ND,0,0,0,0.0,ND,ND,0,0,0,0.0,,ND,ND,0,0,0,0.0,No,NHD
48434,2023 Kentucky Lateral,2023 Kentucky Lateral p1,Successful,ND_INVALID_BREEDING_TYPE,Not ARI-scorable,0.5,Stable female denominator,Asynchronous,,2023-04-26,Bull thistle,500,2023-04-15,2023-05-22,2023-04-17,2023-04-23,7,273,122,0.447,2023-05-01,2023-05-07,7,273,70,0.256,,2023-05-05,2023-05-12,8,312,5,0.016,Yes,2023-05-12
48467,2023 Kern - Canebreak Ecological Reserve 4,2023 Kern - Canebreak Ecological Reserve 4 p1,No TRBL,NHD,Not ARI-scorable,0.5,No female denominator,No TRBL,,NHD,Stinging nettle,No Colony,2023-05-25,2023-08-11,ND,ND,0,0,0,0.0,ND,ND,0,0,0,0.0,,ND,ND,0,0,0,0.0,No,NHD
48470,2023 Kern - HQ2,2023 Kern - Headquarters 2 p1,Successful,OK,High offspring acoustic activity,0.5,Stable female denominator,Sequential,,2023-06-08,Sandbar Willow,100,2023-05-03,2023-08-11,2023-05-30,2023-06-05,7,273,77,0.282,2023-06-13,2023-06-19,7,273,173,0.634,2.248,2023-06-17,2023-06-24,8,312,145,0.465,Yes,2023-06-24
48470,2023 Kern - HQ2,2023 Kern - Headquarters 2 p2,Successful,OK,High offspring acoustic activity,0.5,Low female denominator,Sequential,,2023-07-05,Sandbar Willow,100,2023-05-03,2023-08-11,2023-06-26,2023-07-02,7,272,3,0.011,2023-07-10,2023-07-16,7,273,92,0.337,30.636,2023-07-14,2023-07-21,8,311,13,0.042,Yes,2023-07-21
48465,2023 Laguna Fry Confluence - Site 1,2023 Laguna Frye Confluence 3 p1,Successful,OK,High offspring acoustic activity,0.5,Stable female denominator,Simple,,2023-05-17,"Himalayan blackberry, cattails, tule",17500,2023-05-09,2023-06-18,2023-05-08,2023-05-14,7,217,162,0.747,2023-05-22,2023-05-28,7,273,121,0.443,0.593,2023-05-26,2023-06-02,8,312,152,0.487,Yes,2023-05-31
48747,2023 Weagell Property 1,2023 Laguna Frye Confluence 1 p1,Successful,ND_INVALID_BREEDING_TYPE,Not ARI-scorable,0.5,Stable female denominator,Complex,"Additions, Sequential",2023-05-09,"Himalayan blackberry, cattails",17500,2023-04-19,2023-06-18,2023-04-30,2023-05-06,7,273,164,0.601,2023-05-14,2023-05-20,7,273,49,0.179,,2023-05-18,2023-05-25,8,312,83,0.266,Yes,2023-05-25
48747,2023 Weagell Property 1,2023 Laguna Frye Confluence 1 p2,Successful,ND_INVALID_BREEDING_TYPE,Not ARI-scorable,0.5,Stable female denominator,Complex,"Additions, Sequential",2023-05-24,"Himalayan blackberry, cattails",17500,2023-04-19,2023-06-18,2023-05-15,2023-05-21,7,273,38,0.139,2023-05-29,2023-06-04,7,273,113,0.414,,2023-06-02,2023-06-09,8,312,186,0.596,Yes,2023-06-09
48747,2023 Weagell Property 1,2023 Laguna Frye Confluence 1 p3,Successful,ND_INVALID_BREEDING_TYPE,Not ARI-scorable,0.5,Moderate female denominator,Complex,"Additions, Sequential",~2023-06-05,"Himalayan blackberry, cattails",17500,2023-04-19,2023-06-18,2023-05-27,2023-06-02,7,273,15,0.055,2023-06-10,2023-06-16,7,272,72,0.265,,2023-06-14,2023-06-18,5,172,11,0.064,Yes,2023-06-17
48458,2023 Weagell Property 2,2023 Laguna Frye Confluence 2 p1,Successful,OK,High offspring acoustic activity,0.5,Stable female denominator,Sequential,,2023-05-19,"Himalayan blackberry, cattails",17500,2023-04-25,2023-06-18,2023-05-10,2023-05-16,7,273,63,0.231,2023-05-24,2023-05-30,7,273,103,0.377,1.632,2023-05-28,2023-06-04,8,312,303,0.971,Yes,2023-06-04
48458,2023 Weagell Property 2,2023 Laguna Frye Confluence 2 p2,Unknown,NHD,Not ARI-scorable,0.5,No female denominator,Sequential,,NHD,"Himalayan blackberry, cattails",17500,2023-04-25,2023-06-18,ND,ND,0,0,0,0.0,ND,ND,0,0,0,0.0,,ND,ND,0,0,0,0.0,No,NHD
48428,2023 Los Vaqueros - Walnut Trail Marsh,2023 Los Vaqueros - Walnut Trail Marsh p1,Abandoned,OK,No detected offspring acoustic evidence,0.5,Stable female denominator,Simple,,2023-04-26,"Bulrush, cattails",500,2023-04-07,2023-07-07,2023-04-17,2023-04-23,7,273,45,0.165,2023-05-01,2023-05-07,7,273,0,0.0,0.0,2023-05-05,2023-05-12,8,312,0,0.0,No,ND
48444,2023 Los Vaqueros Reservoir,2023 Los Vaqueros Playa p1,Successful,OK,High offspring acoustic activity,0.5,Stable female denominator,Sequential,,2023-04-28,Himalayan blackberry,2000,2023-03-24,2023-07-31,2023-04-19,2023-04-25,7,272,146,0.537,2023-05-03,2023-05-09,7,273,237,0.868,1.616,2023-05-07,2023-05-14,8,312,132,0.423,Yes,2023-05-14
48444,2023 Los Vaqueros Reservoir,2023 Los Vaqueros Playa p2,Successful,OK,High offspring acoustic activity,0.5,Moderate female denominator,Sequential,,2023-06-15,Himalayan blackberry,2000,2023-03-24,2023-07-31,2023-06-06,2023-06-12,7,273,19,0.07,2023-06-20,2023-06-26,7,273,95,0.348,4.971,2023-06-24,2023-07-01,8,310,130,0.419,Yes,2023-07-01
48436,2023 Markham Ravine,2023 Markham Ravine p1,Partially Abandoned,OK,Reduced offspring acoustic activity,0.5,Stable female denominator,Simple,,2023-05-31,"Himalayan blackberry, willow",3500,2023-05-15,2023-07-17,2023-05-22,2023-05-28,7,273,53,0.194,2023-06-05,2023-06-11,7,273,11,0.04,0.206,2023-06-09,2023-06-16,8,312,11,0.035,Yes,2023-06-16
48446,2023 Merced NWR - Cottonwood,2023 Merced NWR - Cottonwood Trail p1,Successful,NHD,Not ARI-scorable,0.5,No female denominator,Sequential,,NHD,"Buttonwillow, milk thistle",ND,2023-05-12,2023-06-16,ND,ND,0,0,0,0.0,ND,ND,0,0,0,0.0,,ND,ND,0,0,0,0.0,No,NHD
48446,2023 Merced NWR - Cottonwood,2023 Merced NWR - Cottonwood Trail p2,Partially Abandoned,OK,Reduced offspring acoustic activity,0.5,Stable female denominator,Sequential,,~2023-05-25,"Buttonwillow, milk thistle",ND,2023-05-12,2023-06-16,2023-05-16,2023-05-22,7,273,37,0.136,2023-05-30,2023-06-05,7,273,0,0.0,0.0,2023-06-03,2023-06-10,8,312,4,0.013,Yes,2023-06-07
48490,2023 Merced NWR Deadman Wetland Ditch,2023 Merced NWR - Deadman Wetland Ditch p1,Abandoned,OK,No detected offspring acoustic evidence,0.5,Stable female denominator,Simple,,2023-05-31,"Milk thistle, mustard",200,2023-05-23,2023-06-27,2023-05-22,2023-05-28,7,209,66,0.316,2023-06-05,2023-06-11,7,273,0,0.0,0.0,2023-06-09,2023-06-16,8,312,0,0.0,No,ND
48448,2023 North Regional Pond,2023 North Regional Pond p1,Successful,OK,Reduced offspring acoustic activity,0.5,Moderate female denominator,Simple,,2023-05-05,"Mustard, milk thistle",150,2023-03-31,2023-06-02,2023-04-26,2023-05-02,7,273,6,0.022,2023-05-10,2023-05-16,7,273,0,0.0,0.0,2023-05-14,2023-05-21,8,312,19,0.061,Yes,2023-05-21
48397,2023 OR Dizney Rd,2023 Oregon State - Warm Springs Dizney Lane p1,Partially Abandoned,OK,Reduced offspring acoustic activity,0.5,Stable female denominator,Simple,,2023-05-19,"Cattails, Himalayan blackberry",87,2023-04-29,2023-07-15,2023-05-10,2023-05-16,7,273,75,0.275,2023-05-24,2023-05-30,7,273,15,0.055,0.2,2023-05-28,2023-06-04,8,312,1,0.003,Yes,2023-06-03
48392,2023 OR Eureka Rd,2023 Oregon State - Metolius Eureka Lane p1,Successful,ND_INVALID_BREEDING_TYPE,Not ARI-scorable,0.5,Stable female denominator,Asynchronous,,2023-05-19,"Cattails, Himalayan blackberry",100,2023-04-29,2023-07-24,2023-05-10,2023-05-16,7,273,35,0.128,2023-05-24,2023-05-30,7,273,50,0.183,,2023-05-28,2023-06-04,8,312,62,0.199,Yes,2023-06-04
48445,2023 OR Prineville North,2023 Oregon State - Prineville Grimes Rd p1,Successful,OK,High offspring acoustic activity,0.5,Stable female denominator,Sequential,,2023-05-15,Cattails,62,2023-04-29,2023-07-15,2023-05-06,2023-05-12,7,273,87,0.319,2023-05-20,2023-05-26,7,271,214,0.79,2.476,2023-05-24,2023-05-31,8,310,35,0.113,Yes,2023-05-29
48445,2023 OR Prineville North,2023 Oregon State - Prineville Grimes Rd p2,Successful,OK,High offspring acoustic activity,0.5,Stable female denominator,Sequential,,2023-06-21,Cattails,62,2023-04-29,2023-07-15,2023-06-12,2023-06-18,7,271,49,0.181,2023-06-26,2023-07-02,7,273,103,0.377,2.083,2023-06-30,2023-07-07,8,312,9,0.029,Yes,2023-07-07
48796,2023 Panoche Creek Preserve - Corrals NW,2023 Panoche Creek Preserve - Corrals North West p1,Successful,NHD,Not ARI-scorable,0.5,No female denominator,Simple,,NHD,"Fiddleneck, cheeseweed, London rocket, and Chilean chess",450,2023-04-29,2023-06-12,ND,ND,0,0,0,0.0,ND,ND,0,0,0,0.0,,ND,ND,0,0,0,0.0,No,NHD
48797,2023 Panoche Creek Preserve - Corrals SE,2023 Panoche Creek Preserve - Corrals Southeast p1,Successful,NHD,Not ARI-scorable,0.5,No female denominator,Simple,,NHD,"Fiddleneck, cheeseweed, London rocket, and Chilean chess",450,2023-04-29,2023-06-12,ND,ND,0,0,0,0.0,ND,ND,0,0,0,0.0,,ND,ND,0,0,0,0.0,No,NHD
48440,2023 Peterson Ranch Pond - East,2023 Petersen Ranch Pond - East p1,No Colony,NHD,Not ARI-scorable,0.5,No female denominator,No Colony,,NHD,Bulrush,No Colony,2023-04-05,2023-07-28,ND,ND,0,0,0,0.0,ND,ND,0,0,0,0.0,,ND,ND,0,0,0,0.0,No,NHD
48461,2023 Peterson Ranch Pond - West,2023 Petersen Ranch Pond - West p1,No Colony,NHD,Not ARI-scorable,0.5,No female denominator,No Colony,,NHD,Bulrush,No Colony,2023-04-05,2023-07-28,ND,ND,0,0,0,0.0,ND,ND,0,0,0,0.0,,ND,ND,0,0,0,0.0,No,NHD
48475,2023 Plumas Arboga 2,2023 Plumas Arboga 2 p1,Successful,OK,High offspring acoustic activity,0.5,Stable female denominator,Simple,,2023-06-07,Himalayan blackberry,7000,2023-05-26,2023-07-08,2023-05-29,2023-06-04,7,273,245,0.897,2023-06-12,2023-06-18,7,273,230,0.842,0.939,2023-06-16,2023-06-23,8,312,175,0.561,Yes,2023-06-23
48437,2023 Plumas Arboga 8 - North Regional Pond,2023 Plumas Arboga 8 p1,Partially Abandoned,OK,Reduced offspring acoustic activity,0.5,Stable female denominator,Sequential,,2023-05-06,Himalayan blackberry,4000,2023-04-21,2023-07-08,2023-04-27,2023-05-03,7,273,180,0.659,2023-05-11,2023-05-17,7,273,76,0.278,0.422,2023-05-15,2023-05-22,8,312,9,0.029,Yes,2023-05-22
48437,2023 Plumas Arboga 8 - North Regional Pond,2023 Plumas Arboga 8 p2,Successful,OK,High offspring acoustic activity,0.5,Stable female denominator,Sequential,,2023-06-15,Himalayan blackberry,4000,2023-04-21,2023-07-08,2023-06-06,2023-06-12,7,273,160,0.586,2023-06-20,2023-06-26,7,273,242,0.886,1.512,2023-06-24,2023-07-01,8,312,121,0.388,Yes,2023-07-01
48764,2023 Rancho Jamul North Pond - fix lat lon,2023 Rancho Jamul - North Pond p1,Successful,ND_NO_FEMALE_CALLS,Not ARI-scorable,0.5,No female denominator,Simple,,2023-05-16,NEED,NEED,2023-03-27,2023-08-04,2023-05-07,2023-05-13,7,273,0,0.0,2023-05-21,2023-05-27,7,273,23,0.084,,2023-05-25,2023-06-01,8,312,10,0.032,Yes,2023-06-01
48765,2023 Rancho Jamul Site 1 fix lat lon,2023 Rancho Jamul - Site 1 p1,Successful,ND_NO_FEMALE_CALLS,Not ARI-scorable,0.5,No female denominator,Sequential,,2023-04-25,NEED,NEED,2023-03-27,2023-08-03,2023-04-16,2023-04-22,7,273,0,0.0,2023-04-30,2023-05-06,7,273,1,0.004,,2023-05-04,2023-05-11,8,312,1,0.003,Yes,2023-05-06
48765,2023 Rancho Jamul Site 1 fix lat lon,2023 Rancho Jamul - Site 1 p2,Successful,OK,Reduced offspring acoustic activity,0.5,Moderate female denominator,Sequential,,~2023-06-16,NEED,NEED,2023-03-27,2023-08-03,2023-06-07,2023-06-13,7,273,10,0.037,2023-06-21,2023-06-27,7,273,5,0.018,0.486,2023-06-25,2023-07-02,8,312,0,0.0,No,ND
48438,2023 Bridge St Pond,2023 San Jacinto Wildlife Area - Bridge St. Pond p1,No TRBL,NHD,Not ARI-scorable,0.5,No female denominator,No TRBL,,NHD,"Bulrush, cattails",No Colony,2023-04-18,2023-05-06,ND,ND,0,0,0,0.0,ND,ND,0,0,0,0.0,,ND,ND,0,0,0,0.0,No,NHD
48439,2023 West of Davis,2023 San Jacinto Wildlife Area West of Davis Road p1,Successful,NHD,Not ARI-scorable,0.5,No female denominator,Sequential,,NHD,Cattails,1000,2023-05-06,2023-06-29,ND,ND,0,0,0,0.0,ND,ND,0,0,0,0.0,,ND,ND,0,0,0,0.0,No,NHD
48439,2023 West of Davis,2023 San Jacinto Wildlife Area West of Davis Road p2,Successful,OK,High offspring acoustic activity,0.5,Stable female denominator,Sequential,,2023-05-22,Cattails,1000,2023-05-06,2023-06-29,2023-05-13,2023-05-19,7,273,43,0.158,2023-05-27,2023-06-02,7,273,103,0.377,2.386,2023-05-31,2023-06-07,8,312,60,0.192,Yes,2023-06-05
48464,2023 San Luis NWR - West Bank Creek,2023 San Luis NWR - Fiddleneck Lake p1,Partially Abandoned,OK,Reduced offspring acoustic activity,0.5,Stable female denominator,Simple,,2023-06-15,"Milk thistle, mustard",500,2023-05-26,2023-07-12,2023-06-06,2023-06-12,7,273,55,0.201,2023-06-20,2023-06-26,7,273,15,0.055,0.274,2023-06-24,2023-07-01,8,312,4,0.013,Yes,2023-06-29
48447,2023 San Luis Bear Creek,2023 San Luis NWR - Tanager Slough p1,Partially Abandoned,OK,High offspring acoustic activity,0.5,Stable female denominator,Simple,,2023-07-05,Willows,550,2023-06-16,2023-07-24,2023-06-26,2023-07-02,7,273,199,0.729,2023-07-10,2023-07-16,7,273,113,0.414,0.568,2023-07-14,2023-07-21,8,312,14,0.045,Yes,2023-07-19
48466,2023 Sedgwick,2023 Sedgwick Reserve Pond p1,Successful,ND_INVALID_BREEDING_TYPE,Not ARI-scorable,0.5,Stable female denominator,Asynchronous,,2023-04-17,Cattails,300,2023-03-26,2023-07-29,2023-04-08,2023-04-14,7,273,42,0.154,2023-04-22,2023-04-28,7,273,124,0.454,,2023-04-26,2023-05-03,8,312,54,0.173,Yes,2023-05-03
48478,2023 South Virginia Road 3,2023 South Virginia Road 3 p1,No TRBL,NHD,Not ARI-scorable,0.5,No female denominator,No TRBL,,NHD,"Himalayan blackberry, willows",No Colony,2023-04-11,2023-06-06,ND,ND,0,0,0,0.0,ND,ND,0,0,0,0.0,,ND,ND,0,0,0,0.0,No,NHD
48456,2023 Virginia at Ostrom,2023 Virginia at Ostrom p1,No Colony,NHD,Not ARI-scorable,0.5,No female denominator,No Colony,,NHD,"Himalayan blackberry, cattails",No Colony,2023-04-18,2023-06-14,ND,ND,0,0,0,0.0,ND,ND,0,0,0,0.0,,ND,ND,0,0,0,0.0,No,NHD
48398,2023 WA Harder Spring,2023 Washington State - Harder Spring p1,Successful,NHD,Not ARI-scorable,0.5,No female denominator,Sequential,,NHD,"Bulrush, cattails, common reed",165,2023-04-10,2023-08-09,ND,ND,0,0,0,0.0,ND,ND,0,0,0,0.0,,ND,ND,0,0,0,0.0,No,NHD
48398,2023 WA Harder Spring,2023 Washington State - Harder Spring p2,Successful,NHD,Not ARI-scorable,0.5,No female denominator,Sequential,,NHD,"Bulrush, cattails, common reed",165,2023-04-10,2023-08-09,ND,ND,0,0,0,0.0,ND,ND,0,0,0,0.0,,ND,ND,0,0,0,0.0,No,NHD
48393,2023 WA McCain Wetlands,2023 Washington State - McCain Wetlands p1,Partially Abandoned,OK,Reduced offspring acoustic activity,0.5,Stable female denominator,Simple,,~2023-05-10,"Cattails, common reed",200,2023-04-10,2023-08-07,2023-05-01,2023-05-07,7,273,81,0.297,2023-05-15,2023-05-21,7,273,30,0.11,0.37,2023-05-19,2023-05-26,8,312,10,0.032,Yes,2023-05-26
48471,2023 Wind Wolves Preserve site 1,2023 Wind Wolves Preserve - Los Lobos p1,Successful,ND_INVALID_BREEDING_TYPE,Not ARI-scorable,0.5,Moderate female denominator,Asynchronous,,2023-05-05,Stinging nettle,100,2023-04-07,2023-07-25,2023-04-26,2023-05-02,7,273,10,0.037,2023-05-10,2023-05-16,7,273,0,0.0,,2023-05-14,2023-05-21,8,312,16,0.051,Yes,2023-05-21
48469,2023 Wind Wolves Preserve Site 2,2023 Wind Wolves Preserve - Santiago Wetlands p1,Successful,ND_INVALID_BREEDING_TYPE,Not ARI-scorable,0.5,Stable female denominator,Asynchronous,,2023-05-01,"Cattails, Stinging nettle",300,2023-04-07,2023-07-25,2023-04-22,2023-04-28,7,273,63,0.231,2023-05-06,2023-05-12,7,273,18,0.066,,2023-05-10,2023-05-17,8,312,97,0.311,Yes,2023-05-17
65446,2024 Baja Rancho Cinega Redonda 1,2024 Baja Ciénega Redonda North p1,Successful,NHD,Not ARI-scorable,0.5,No female denominator,Complex,"Asynchronous, Sequential",NHD,Cattails,350,2024-04-23,2024-08-19,ND,ND,0,0,0,0.0,ND,ND,0,0,0,0.0,,ND,ND,0,0,0,0.0,No,NHD
65446,2024 Baja Rancho Cinega Redonda 1,2024 Baja Ciénega Redonda North p2,Successful,ND_INVALID_BREEDING_TYPE,Not ARI-scorable,0.5,No female denominator,Complex,"Asynchronous, Sequential",2024-05-25,Cattails,350,2024-04-23,2024-08-19,2024-05-16,2024-05-22,7,273,0,0.0,2024-05-30,2024-06-05,7,273,55,0.201,,2024-06-03,2024-06-10,8,312,217,0.696,Yes,2024-06-10
65447,2024 Baja Rancho Cinega Redonda 2,2024 Baja Ciénega Redonda South p1,Successful,OK,High offspring acoustic activity,0.5,Stable female denominator,Sequential,,2024-04-29,Cattails,100,2024-04-23,2024-08-01,2024-04-20,2024-04-26,7,147,69,0.469,2024-05-04,2024-05-10,7,273,209,0.766,1.633,2024-05-08,2024-05-15,8,312,169,0.542,Yes,2024-05-15
65447,2024 Baja Rancho Cinega Redonda 2,2024 Baja Ciénega Redonda South p2,Successful,OK,High offspring acoustic activity,0.5,Stable female denominator,Sequential,,2024-06-04,Cattails,100,2024-04-23,2024-08-01,2024-05-26,2024-06-01,7,273,69,0.253,2024-06-09,2024-06-15,7,273,208,0.762,3.012,2024-06-13,2024-06-20,8,312,38,0.122,Yes,2024-06-20
65444,2024 Baja Lago Mesa Redonda,2024 Baja Lago Mesa Redonda p1,Successful,NHD,Not ARI-scorable,0.5,No female denominator,Asynchronous,,NHD,Cattails,150,2024-05-02,2024-08-04,ND,ND,0,0,0,0.0,ND,ND,0,0,0,0.0,,ND,ND,0,0,0,0.0,No,NHD
65444,2024 Baja Lago Mesa Redonda,2024 Baja Lago Mesa Redonda p2,REVIEW_MISSING_OUTCOME,ND_INVALID_BREEDING_TYPE,Not ARI-scorable,0.5,Moderate female denominator,Asynchronous,,2024-05-22,Cattails,150,2024-05-02,2024-08-04,2024-05-13,2024-05-19,7,273,8,0.029,2024-05-27,2024-06-02,7,273,116,0.425,,2024-05-31,2024-06-07,8,312,273,0.875,Yes,2024-06-07
65453,2024 Colusa NWR T27.1,2024 Colusa NWR T27-1&2 p1,Partially Abandoned,OK,Reduced offspring acoustic activity,0.5,Stable female denominator,Simple,,2024-06-13,"Bulrush, cattails",17500,2024-04-24,2024-09-03,2024-06-04,2024-06-10,7,273,130,0.476,2024-06-18,2024-06-24,7,273,6,0.022,0.046,2024-06-22,2024-06-29,8,312,1,0.003,Yes,2024-06-27
65454,2024 Colusa NWR T27.2,2024 Colusa NWR T27-2S p1,No Colony,NHD,Not ARI-scorable,0.5,No female denominator,No Colony,,NHD,"Bulrush, cattails",No Colony,2024-04-24,2024-08-04,ND,ND,0,0,0,0.0,ND,ND,0,0,0,0.0,,ND,ND,0,0,0,0.0,No,NHD
63115,2024 Dublin Ranch Preserve - Lin Livermore Conservation Area,2024 Dagnino Pond p1,Successful,OK,High offspring acoustic activity,0.5,Low female denominator,Simple,,2024-05-31,"Bulrush, cattails, Mustard",400,2024-05-21,2024-08-15,2024-05-22,2024-05-28,7,273,3,0.011,2024-06-05,2024-06-11,7,273,14,0.051,4.636,2024-06-09,2024-06-16,8,312,28,0.09,Yes,2024-06-16
65456,2024 Kern 1 - check lat lon,2024 Kern 1 p1,No Colony,NHD,Not ARI-scorable,0.5,No female denominator,No Colony,,NHD,NEED,NEED,2024-04-08,2024-08-12,ND,ND,0,0,0,0.0,ND,ND,0,0,0,0.0,,ND,ND,0,0,0,0.0,No,NHD
63044,2024 Los Vaqueros Reservoir,2024 Los Vaqueros Playa p1,Partially Abandoned,OK,Reduced offspring acoustic activity,0.5,Moderate female denominator,Sequential,,2024-05-05,Himalayan blackberry,500,2024-03-15,2024-06-24,2024-04-26,2024-05-02,7,273,7,0.026,2024-05-10,2024-05-16,7,273,0,0.0,0.0,2024-05-14,2024-05-21,8,312,3,0.01,Yes,2024-05-19
63044,2024 Los Vaqueros Reservoir,2024 Los Vaqueros Playa p2,Successful,OK,High offspring acoustic activity,0.5,Stable female denominator,Sequential,,~2024-06-08,Himalayan blackberry,500,2024-03-15,2024-06-24,2024-05-30,2024-06-05,7,273,240,0.879,2024-06-13,2024-06-19,7,264,150,0.568,0.646,2024-06-17,2024-06-24,8,264,30,0.114,Yes,2024-06-23
63085,2024 Markham Ravine 1,2024 Markham Ravine 1 p1,No TRBL,NHD,Not ARI-scorable,0.5,No female denominator,No TRBL,,NHD,"Himalayan blackberry, willow",No Colony,2024-05-07,2024-05-24,ND,ND,0,0,0,0.0,ND,ND,0,0,0,0.0,,ND,ND,0,0,0,0.0,No,NHD
63088,2024 Markham Ravine 2,2024 Markham Ravine 2 p1,No TRBL,NHD,Not ARI-scorable,0.5,No female denominator,No TRBL,,NHD,"Himalayan blackberry, willow",No Colony,2024-05-07,2024-05-24,ND,ND,0,0,0,0.0,ND,ND,0,0,0,0.0,,ND,ND,0,0,0,0.0,No,NHD
63113,2024 Markham Ravine 3,2024 Markham Ravine 3 p1,No TRBL,NHD,Not ARI-scorable,0.5,No female denominator,No TRBL,,NHD,"Himalayan blackberry, willow",No Colony,2024-05-07,2024-05-24,ND,ND,0,0,0,0.0,ND,ND,0,0,0,0.0,,ND,ND,0,0,0,0.0,No,NHD
63114,2024 Merced NWR - Cottonwood Trail,2024 Merced NWR - Duck Slough Farmfield p1,Successful,NHD,Not ARI-scorable,0.5,No female denominator,Asynchronous,,NHD,"Milk thistle, mustard",5000,2024-04-25,2024-07-12,ND,ND,0,0,0,0.0,ND,ND,0,0,0,0.0,,ND,ND,0,0,0,0.0,No,NHD
63087,2024 Moore Lake - confirm lat lon,2024 Moore's Lake p1,No TRBL,NHD,Not ARI-scorable,0.5,No female denominator,No TRBL,,NHD,Cattails,No Colony,2024-04-10,2024-07-01,ND,ND,0,0,0,0.0,ND,ND,0,0,0,0.0,,ND,ND,0,0,0,0.0,No,NHD
66012,2024 Newberry Springs,2024 Newberry Springs  - Croydon Avenue p1,Successful,NHD,Not ARI-scorable,0.5,No female denominator,Unknown,,NHD,"Cattails, willows",150,2024-05-27,2024-06-02,ND,ND,0,0,0,0.0,ND,ND,0,0,0,0.0,,ND,ND,0,0,0,0.0,No,NHD
77023,2024 North Regional Pond,2024 North Regional Pond p1,No Colony,NHD,Not ARI-scorable,0.5,No female denominator,No Colony,,NHD,"Mustard, milk thistle",6000,2024-04-16,2024-06-02,ND,ND,0,0,0,0.0,ND,ND,0,0,0,0.0,,ND,ND,0,0,0,0.0,No,NHD
63086,2024 OR Eureka Lane,2024 Oregon State -  Metolius Eureka Lane p1,No TRBL,NHD,Not ARI-scorable,0.5,No female denominator,No TRBL,,NHD,"Cattails, Himalayan blackberry",87,2024-05-04,2024-07-14,ND,ND,0,0,0,0.0,ND,ND,0,0,0,0.0,,ND,ND,0,0,0,0.0,No,NHD
65471,2024 Panoche Creek Preserve - Dollar Marsh East,2024 Panoche Creek Marsh East p1,Successful,OK,High offspring acoustic activity,0.5,Stable female denominator,Simple,,2024-04-29,"Cattails, bulrush",1250,2024-04-15,2024-08-01,2024-04-20,2024-04-26,7,273,181,0.663,2024-05-04,2024-05-10,7,273,207,0.758,1.143,2024-05-08,2024-05-15,8,312,88,0.282,Yes,2024-05-15
65471,2024 Panoche Creek Preserve - Dollar Marsh East,2024 Panoche Creek Marsh East p2,REVIEW_MISSING_OUTCOME,OK,High offspring acoustic activity,0.5,Low female denominator,Simple,,~2024-06-04,"Cattails, bulrush",1250,2024-04-15,2024-08-01,2024-05-26,2024-06-01,7,273,3,0.011,2024-06-09,2024-06-15,7,273,8,0.029,2.636,2024-06-13,2024-06-20,8,312,6,0.019,Yes,2024-06-17
65469,2024 Panoche Creek Preserve - Dollar Marsh South,2024 Panoche Creek Marsh South p1,Successful,OK,High offspring acoustic activity,0.5,Stable female denominator,Simple,,2024-05-01,"Cattails, bulrush",300,2024-04-16,2024-08-01,2024-04-22,2024-04-28,7,273,202,0.74,2024-05-06,2024-05-12,7,273,168,0.615,0.831,2024-05-10,2024-05-17,8,312,0,0.0,No,ND
65470,2024 Panoche Creek Preserve - Dollar Marsh West,2024 Panoche Creek Marsh West p1,Successful,OK,High offspring acoustic activity,0.5,Stable female denominator,Simple,,2024-05-05,"Cattails, bulrush",300,2024-04-15,2024-08-01,2024-04-26,2024-05-02,7,273,187,0.685,2024-05-10,2024-05-16,7,273,198,0.725,1.058,2024-05-14,2024-05-21,8,312,97,0.311,Yes,2024-05-21
63656,2024 Rancho Jamul - Main Pond 1,2024 Rancho Jamul - Main Pond 1 p1,Successful,NHD,Not ARI-scorable,0.5,No female denominator,Complex,"Asynchronous, Sequential",NHD,NEED,NEED,2024-03-26,2024-08-07,ND,ND,0,0,0,0.0,ND,ND,0,0,0,0.0,,ND,ND,0,0,0,0.0,No,NHD
63656,2024 Rancho Jamul - Main Pond 1,2024 Rancho Jamul - Main Pond 1 p2,Successful,ND_INVALID_BREEDING_TYPE,Not ARI-scorable,0.5,Low female denominator,Complex,"Asynchronous, Sequential",~2024-05-26,NEED,NEED,2024-03-26,2024-08-07,2024-05-17,2024-05-23,7,273,4,0.015,2024-05-31,2024-06-06,7,273,3,0.011,,2024-06-04,2024-06-11,8,312,24,0.077,Yes,2024-06-10
63657,2024 Rancho Jamul - Main Pond 2,2024 Rancho Jamul - Main Pond 2 p1,Successful,ND_INVALID_BREEDING_TYPE,Not ARI-scorable,0.5,No female denominator,Complex,"Asynchronous, Sequential",2024-04-25,NEED,NEED,2024-03-26,2024-07-06,2024-04-16,2024-04-22,7,273,0,0.0,2024-04-30,2024-05-06,7,273,0,0.0,,2024-05-04,2024-05-11,8,312,0,0.0,No,ND
63657,2024 Rancho Jamul - Main Pond 2,2024 Rancho Jamul - Main Pond 2 p2,Successful,ND_INVALID_BREEDING_TYPE,Not ARI-scorable,0.5,Low female denominator,Complex,"Asynchronous, Sequential",2024-05-26,NEED,NEED,2024-03-26,2024-07-06,2024-05-17,2024-05-23,7,273,2,0.007,2024-05-31,2024-06-06,7,273,2,0.007,,2024-06-04,2024-06-11,8,312,30,0.096,Yes,2024-06-11
63468,2024 Rancho Jamul - North Pond,2024 Rancho Jamul - North Pond p1,No Colony,NHD,Not ARI-scorable,0.5,No female denominator,No Colony,,NHD,NEED,NEED,2024-03-27,2024-06-22,ND,ND,0,0,0,0.0,ND,ND,0,0,0,0.0,,ND,ND,0,0,0,0.0,No,NHD
63089,2024 SJWA Thistle NW of Bridge Street Pond,2024 San Jacinto Wildlife Area - Thistle Patch NE of Bridge Street Pond p1,Successful,NHD,Not ARI-scorable,0.5,No female denominator,Simple,,NHD,Milk thistle,100,2024-06-05,2024-06-22,ND,ND,0,0,0,0.0,ND,ND,0,0,0,0.0,,ND,ND,0,0,0,0.0,No,NHD
63049,2024 Ohlone - Santa Lucia Preserve,2024 Santa Lucia Preserve - Ohlone Pond p1,Successful,ND_INVALID_BREEDING_TYPE,Not ARI-scorable,0.5,Stable female denominator,Asynchronous,,2024-05-02,Bulrush (Schoenoplectus spp.),250,2024-04-10,2024-07-01,2024-04-23,2024-04-29,7,273,22,0.081,2024-05-07,2024-05-13,7,273,80,0.293,,2024-05-11,2024-05-18,8,312,4,0.013,Yes,2024-05-18
63738,2024 Sedgwick,2024 Sedgwick Reserve Pond p1,Successful,ND_INVALID_BREEDING_TYPE,Not ARI-scorable,0.5,Moderate female denominator,Asynchronous,,2024-04-20,Cattails,300,2024-04-04,2024-08-04,2024-04-11,2024-04-17,7,273,7,0.026,2024-04-25,2024-05-01,7,273,104,0.381,,2024-04-29,2024-05-06,8,312,4,0.013,Yes,2024-05-06
63116,2024 WA Harder Spring,2024 Washington State - Harder Spring p1,Successful,OK,Reduced offspring acoustic activity,0.5,Moderate female denominator,Sequential,,2024-06-07,"Bulrush, cattails, common reed",100,2024-03-25,2024-08-03,2024-05-29,2024-06-04,7,273,7,0.026,2024-06-12,2024-06-18,7,273,0,0.0,0.0,2024-06-16,2024-06-23,8,312,1,0.003,Yes,2024-06-22
63116,2024 WA Harder Spring,2024 Washington State - Harder Spring p2,Successful,OK,High offspring acoustic activity,0.5,Moderate female denominator,Sequential,,2024-07-18,"Bulrush, cattails, common reed",100,2024-03-25,2024-08-03,2024-07-09,2024-07-15,7,273,6,0.022,2024-07-23,2024-07-29,7,273,19,0.07,3.182,2024-07-27,2024-08-03,8,312,71,0.228,Yes,2024-08-03
63465,2024 WA McCain Pond,2024 Washington State - McCain Wetlands p1,Partially Abandoned,OK,Reduced offspring acoustic activity,0.5,Moderate female denominator,Simple,,~2024-05-02,"Cattails, common reed",600,2024-03-29,2024-08-09,2024-04-23,2024-04-29,7,273,13,0.048,2024-05-07,2024-05-13,7,273,6,0.022,0.458,2024-05-11,2024-05-18,8,312,1,0.003,Yes,2024-05-15
65481,2024 Wind Wolves Preserve - Los Lobos,2024 Wind Wolves Preserve - Los Lobos p1,Successful,NHD,Not ARI-scorable,0.5,No female denominator,Sequential,,NHD,Stinging nettle,100,2024-04-30,2024-09-11,ND,ND,0,0,0,0.0,ND,ND,0,0,0,0.0,,ND,ND,0,0,0,0.0,No,NHD
65481,2024 Wind Wolves Preserve - Los Lobos,2024 Wind Wolves Preserve - Los Lobos p2,Successful,ND_NO_FEMALE_CALLS,Not ARI-scorable,0.5,No female denominator,Sequential,,2024-05-21,Stinging nettle,100,2024-04-30,2024-09-11,2024-05-12,2024-05-18,7,273,0,0.0,2024-05-26,2024-06-01,7,273,17,0.062,,2024-05-30,2024-06-06,8,312,50,0.16,Yes,2024-06-06
65482,2024 Wind Wolves Preserve - Pleitito,2024 Wind Wolves Preserve - Pleitito Creek p1,Successful,ND_INVALID_BREEDING_TYPE,Not ARI-scorable,0.5,No female denominator,Complex,"Asynchronous, Sequential",~2024-04-18,Stinging nettle,35,2024-04-26,2024-08-11,2024-04-09,2024-04-15,7,0,0,0.0,2024-04-23,2024-04-29,7,149,102,0.685,,2024-04-27,2024-05-04,8,312,99,0.317,Yes,2024-05-04
65482,2024 Wind Wolves Preserve - Pleitito,2024 Wind Wolves Preserve - Pleitito Creek p2,Successful,ND_INVALID_BREEDING_TYPE,Not ARI-scorable,0.5,Moderate female denominator,Complex,"Asynchronous, Sequential",2024-05-25,Stinging nettle,35,2024-04-26,2024-08-11,2024-05-16,2024-05-22,7,273,9,0.033,2024-05-30,2024-06-05,7,273,139,0.509,,2024-06-03,2024-06-10,8,312,12,0.038,Yes,2024-06-10
65483,2024 Wind Wolves Preserve - Santiago,2024 Wind Wolves Preserve - Santiago Wetlands p1,Successful,NHD,Not ARI-scorable,0.5,No female denominator,Asynchronous,,NHD,"Cattails, Stinging nettle",275,2024-04-30,2024-08-31,ND,ND,0,0,0,0.0,ND,ND,0,0,0,0.0,,ND,ND,0,0,0,0.0,No,NHD
65480,2024 Wind Wolves Preserve - Tevis,2024 Wind Wolves Preserve - Tevis p1,Successful,ND_NO_FEMALE_CALLS,Not ARI-scorable,0.5,No female denominator,Simple,,2024-05-03,Stinging nettle,7,2024-04-30,2024-09-24,2024-04-24,2024-04-30,7,24,0,0.0,2024-05-08,2024-05-14,7,273,4,0.015,,2024-05-12,2024-05-19,8,312,33,0.106,Yes,2024-05-19
