Site ID,Pulse Name,Breeding_type,Complex_type,Twiddle,Duplicate,Original_MC_Date,Calc_MC_Date,Calc_MC_Delta,MC_msg,Original_Inc_Date,Original_Hatch_Date,Calc_Hatch_Date,Hatch_Comment,Hatch_Delta,Threshold,Original_Fledge_Date,Calc_Fledge_Date,Fledge_Comment,Fledge_Delta,Original_Dispersal_Date,Calc_Dispersal_Date,Dispersal_Comment,Dispersal_Delta,log,rec_count,detections,type
2059,2017 Rush Ranch p1,Sequential,,,,03/07/2017,2017-04-09,-33,OK,04/19/2017,05/01/2017,05/01/2017,equal,equal,4,ND,,Fledge date was not a date,,ND,,Dispersal date was not a date,,0.02614698083410777,2949.0,183.0,
2059,2017 Rush Ranch p2,Sequential,,,,05/08/2017,2017-05-08,0,OK,05/18/2017,05/30/2017,05/30/2017,equal,equal,4,06/12/2017,06/12/2017,equal,equal,06/26/2017,2017-06-26,Threshold met for a 7-day sliding block starting at dispersal_date.,0,0.02614698083410777,2949.0,183.0,
2059,2017 Rush Ranch p3,Sequential,,,,06/02/2017,2017-06-02,0,OK,06/16/2017,06/28/2017,06/28/2017,equal,equal,4,ND,,Fledge date was not a date,,ND,,Dispersal date was not a date,,0.02614698083410777,2949.0,183.0,
3150,2018 Iron Point p1,No Colony,,,,pre,,,No inc start date,ND,ND,,Hatch date was not a date,,4,ND,,Fledge date was not a date,,ND,,Dispersal date was not a date,,,,,
3348,2018 Markham Ravine p1,Asynchronous,,,,pre,,,No male chorus,pre,ND,,Hatch date was not a date,,4,ND,,Fledge date was not a date,,ND,,Dispersal date was not a date,,0.007553137890445907,1197.0,21.0,
3366,2018 Markham Ravine - West p1,Unknown,,,2018 Markham Ravine Main:,pre,,,No male chorus,pre,pre,,Hatch date was not a date,,3,pre,,Fledge date was not a date,,post,,Dispersal date was not a date,,0.004988759816990826,779.0,9.0,
3281,2018 Yankee Slough Ranch Preserve p1,Unknown,,,,pre,,,No male chorus,05/05/2018,05/17/2018,05/17/2018,equal,equal,4,ND,,Fledge date was not a date,,ND,,Dispersal date was not a date,,,,,
2719,2018 Rush Ranch p1,Simple,,,,05/04/2018,2018-05-04,0,OK,05/14/2018,05/26/2018,05/26/2018,equal,equal,4,06/11/2018,06/11/2018,equal,equal,post,,Dispersal date was not a date,,0.05686777334772786,822.0,115.0,
3682,2018 San Jacinto Wildlife Area - Bridge St. Pond p1,Unknown,,,,pre,,,No inc start date,ND,ND,,Hatch date was not a date,,4,ND,,Fledge date was not a date,,ND,,Dispersal date was not a date,,,,,
3417,2018 San Jacinto Wildlife Area - Little Ramona p1,No Colony,,,2018 SJWA Little Ramona:,ND,,,No male chorus,ND,ND,,Hatch date was not a date,,1,ND,,Fledge date was not a date,,ND,,Dispersal date was not a date,,,,,
82621,2018 SJWA Little Ramona p1,Unknown,,Twiddle,,04/10/2018,pre,,Last bout started on day 1,04/18/2018,04/30/2018,,not equal,Not in range,4,ND,,Fledge date was not a date,,ND,,Dispersal date was not a date,,,,,
5642,2019 Colusa NWR T27-1N p1,Simple,,,,pre,,,No inc start date,ND,ND,,Hatch date was not a date,,4,06/27/2019,06/27/2019,equal,equal,07/22/2019,2019-07-22,Threshold met for a 7-day sliding block starting at dispersal_date.,0,0.05142490177124016,3365.0,423.0,
5643,2019 Colusa NWR T27-2S p1,Simple,,Twiddle,,pre,,,No male chorus,05/17/2019,05/29/2019,05/29/2019,equal,equal,4,06/14/2019,,not equal,Not in range,06/15/2019,2019-06-15,,0,0.0014797100580478597,293.0,1.0,small
4455,2019 Denverton Creek p1,Sequential,,,,03/24/2019,2019-03-24,0,OK,04/28/2019,05/10/2019,05/10/2019,equal,equal,4,05/23/2019,05/23/2019,equal,equal,06/02/2019,2019-06-02,Threshold met for a 7-day sliding block starting at dispersal_date.,0,0.016318794161537458,3369.0,129.0,
4455,2019 Denverton Creek p2,Sequential,,Twiddle,,05/13/2019,2019-05-13,0,OK,05/19/2019,05/31/2019,,not equal,Not in range,4,ND,,Fledge date was not a date,,ND,,Dispersal date was not a date,,0.016318794161537458,3369.0,129.0,
4456,2019 Hay Landfill p1,Sequential,,,,04/08/2019,pre,,Last bout started on day 1,04/15/2019,04/27/2019,04/27/2019,equal,equal,4,05/11/2019,05/11/2019,equal,equal,05/30/2019,2019-05-30,Threshold met for a 7-day sliding block starting at dispersal_date.,0,0.028119494732751462,4485.0,300.0,
4456,2019 Hay Landfill p2,Sequential,,,,05/20/2019,2019-05-20,0,OK,05/28/2019,06/09/2019,06/09/2019,equal,equal,4,06/23/2019,06/23/2019,equal,equal,07/03/2019,,Reached end of dataset before dispersal threshold was met.,,0.028119494732751462,4485.0,300.0,
4979,2019 Iron Point p1,Asynchronous,,,,pre,,,No MC in range,04/21/2019,05/03/2019,05/03/2019,equal,equal,4,05/14/2019,05/14/2019,equal,equal,07/07/2019,2019-07-10,Threshold met for a 7-day sliding block starting at dispersal_date.,3,0.09494841977928037,5725.0,1399.0,async
4639,2019 Leisure Town Road p1,Sequential,,,,03/29/2019,,,No inc start date,ND,ND,,Hatch date was not a date,,4,ND,,Fledge date was not a date,,ND,,Dispersal date was not a date,,0.003377021969473493,3715.0,29.0,
4639,2019 Leisure Town Road p2,Sequential,,,,05/19/2019,,,No inc start date,ND,ND,,Hatch date was not a date,,4,ND,,Fledge date was not a date,,ND,,Dispersal date was not a date,,0.003377021969473493,3715.0,29.0,
5637,2019 Markham Ravine p1,Simple,,,,pre,pre,,Last bout started on day 1,05/16/2019,05/28/2019,05/28/2019,equal,equal,4,06/16/2019,06/16/2019,equal,equal,06/22/2019,2019-06-22,Threshold met for a 7-day sliding block starting at dispersal_date.,0,0.007221557843040146,2982.0,50.0,
5640,2019 Markham Ravine 2 p1,Simple,,Twiddle,,pre,pre,,Last bout started on day 1,05/19/2019,05/31/2019,05/31/2019,equal,equal,4,06/09/2019,,not equal,Not in range,06/21/2019,2019-06-21,,0,0.0019287721498245371,2696.0,12.0,small
5638,2019 Rush Ranch p1,Unknown,,Twiddle,,05/01/2019,2019-05-01,0,OK,05/05/2019,05/17/2019,,not equal,Not in range,4,ND,,Fledge date was not a date,,ND,,Dispersal date was not a date,,,,,
7657,2020 Conaway Ranch p1,Asynchronous,,,,pre,pre,,Last bout started on day 1,05/25/2020,06/06/2020,06/06/2020,equal,equal,2,06/18/2020,06/18/2020,equal,equal,post,,Dispersal date was not a date,,0.10237830363855785,805.0,214.0,
2908,2020 Denverton Creek p1,No Colony,,,,ND,,,No inc start date,ND,ND,,Hatch date was not a date,,2,ND,,Fledge date was not a date,,ND,,Dispersal date was not a date,,,,,
57589,2020 Fort Ord p1,Simple,,,,pre,pre,,Last bout started on day 1,04/12/2020,04/24/2020,04/24/2020,equal,equal,2,05/09/2020,05/09/2020,equal,equal,06/01/2020,2020-06-01,Threshold met for a 7-day sliding block starting at dispersal_date.,0,0.01833750772445365,2481.0,107.0,
6199,2020 Hay Landfill p1,Asynchronous,,,,04/01/2020,2020-04-01,0,OK,04/18/2020,04/30/2020,04/30/2020,equal,equal,2,05/11/2020,05/11/2020,equal,equal,post,,Dispersal date was not a date,,0.09399070233904602,2239.0,541.0,
6199,2020 Hay Landfill p2,Asynchronous,,,,ND,,,No inc start date,ND,ND,,Hatch date was not a date,,2,ND,,Fledge date was not a date,,ND,,Dispersal date was not a date,,0.09399070233904602,2239.0,541.0,
7650,2020 Iron Point p1,No Colony,,,,ND,,,No inc start date,ND,ND,,Hatch date was not a date,,2,ND,,Fledge date was not a date,,ND,,Dispersal date was not a date,,,,,
6404,2020 Markham Ravine p1,Simple,,Twiddle,,04/29/2020,pre,,Last bout started on day 1,05/07/2020,05/19/2020,05/19/2020,equal,equal,2,05/30/2020,05/30/2020,equal,equal,06/08/2020,2020-06-08,Threshold met for a 7-day sliding block starting at dispersal_date.,0,0.012292173804551299,627.0,18.0,
2915,2020 Rush Ranch p1,No Colony,,,,ND,,,No inc start date,ND,ND,,Hatch date was not a date,,2,ND,,Fledge date was not a date,,ND,,Dispersal date was not a date,,,,,
18572,2020 Santa Lucia Preserve - Ohlone Pond p1,Simple,,Twiddle,,ND,,,No male chorus,04/22/2020,05/04/2020,,not equal,Not in range,2,05/12/2020,05/12/2020,equal,equal,06/19/2020,,No dispersal detected within max_window_days starting at onset.,,0.02541235467821705,2539.0,153.0,
24130,2021 Colusa NWR T27-1&2 p1,Simple,,Twiddle,,05/11/2021,pre,,Last bout started on day 1,05/25/2021,06/06/2021,06/06/2021,equal,equal,8,06/15/2021,,not equal,Not in range,06/17/2021,2021-06-17,,0,0.0032199923736962338,1075.0,8.0,small
24221,2021 Colusa NWR T27-2S p1,Unknown,,,,05/19/2021,pre,,Last bout started on day 1,06/04/2021,06/16/2021,06/16/2021,equal,equal,8,post,,Fledge date was not a date,,post,,Dispersal date was not a date,,,,,
21652,2021 Conaway East p1,Simple,,,2021 Conaway South:,pre,pre,,Last bout started on day 1,05/29/2021,06/10/2021,06/10/2021,equal,equal,4,06/20/2021,06/20/2021,equal,equal,post,,Dispersal date was not a date,,0.0827982346800199,1395.0,293.0,
24652,2021 Conaway South p1,Simple,,,,05/21/2021,pre,,Last bout started on day 1,05/28/2021,06/09/2021,06/09/2021,equal,equal,4,06/23/2021,06/23/2021,equal,equal,07/03/2021,,Reached end of dataset before dispersal threshold was met.,,0.09000765512541305,964.0,222.0,
21591,2021 Conaway West p1,Simple,,,2021 Conaway South:,pre,pre,,Last bout started on day 1,05/21/2021,06/02/2021,06/02/2021,equal,equal,4,06/13/2021,06/13/2021,equal,equal,post,,Dispersal date was not a date,,0.016101021573673952,1112.0,42.0,
24122,2021 Dagnino Pond p1,No Colony,,,,ND,,,No male chorus,ND,ND,,Hatch date was not a date,,4,ND,,Fledge date was not a date,,ND,,Dispersal date was not a date,,,,,
21681,2021 Denverton Creek p1,No Colony,,,,ND,,,No inc start date,ND,ND,,Hatch date was not a date,,4,ND,,Fledge date was not a date,,ND,,Dispersal date was not a date,,,,,
24651,2021 Erle Road-Reeds Creek North p1,Unknown,,,2021 Erle Road-Reeds Creek South:,pre,,,No inc start date,ND,ND,,Hatch date was not a date,,4,abandoned,,Fledge date was not a date,,abandoned,,Dispersal date was not a date,,,,,
24653,2021 Erle Road-Reeds Creek South p1,Unknown,,,,pre,,,No qualifying bouts found,05/06/2021,05/18/2021,05/18/2021,equal,equal,4,post,,Fledge date was not a date,,post,,Dispersal date was not a date,,,,,
21668,2021 Virginia at Ostrom p1,Sequential,,,,pre,,,No MC in range,04/30/2021,05/12/2021,05/12/2021,equal,equal,4,05/24/2021,05/24/2021,equal,equal,post,,Dispersal date was not a date,,0.07331797208655368,1914.0,352.0,
21668,2021 Virginia at Ostrom p2,Sequential,,,,05/23/2021,2021-05-23,0,OK,05/31/2021,06/12/2021,06/12/2021,equal,equal,4,post,,Fledge date was not a date,,post,,Dispersal date was not a date,,0.07331797208655368,1914.0,352.0,
21688,2021 Hale Road 2 p1,Simple,,,,pre,,,No male chorus,05/01/2021,05/13/2021,05/13/2021,equal,equal,4,05/28/2021,05/28/2021,equal,equal,06/04/2021,2021-06-04,Threshold met for a 7-day sliding block starting at dispersal_date.,0,0.054924547186694726,1261.0,170.0,
11101,2021 Hay Landfill p1,Unknown,,,,03/01/2021,2021-03-01,0,OK,04/12/2021,04/24/2021,04/24/2021,equal,equal,4,post,,Fledge date was not a date,,post,,Dispersal date was not a date,,0.006434110005409903,67.0,1.0,
24658,2021 Iron Point p1,No Colony,,,,ND,,,No inc start date,ND,ND,,Hatch date was not a date,,4,ND,,Fledge date was not a date,,ND,,Dispersal date was not a date,,,,,
24606,2021 Kern 1 p1,Simple,,Twiddle,,05/06/2021,2021-05-06,0,OK,05/20/2021,06/01/2021,06/01/2021,equal,equal,4,ND,,Fledge date was not a date,,06/24/2021,,"Couldn't check, no fledge start date",,,,,
24544,2021 Kern 2 p1,No Colony,,,,ND,,,No male chorus,ND,ND,,Hatch date was not a date,,4,ND,,Fledge date was not a date,,ND,,Dispersal date was not a date,,,,,
24641,2021 Kern 3 p1,No Colony,,,,ND,,,No male chorus,ND,ND,,Hatch date was not a date,,4,ND,,Fledge date was not a date,,ND,,Dispersal date was not a date,,,,,
24655,2021 Kern 4 p1,Simple,,Twiddle,,04/27/2021,2021-04-27,0,OK,05/12/2021,05/24/2021,05/24/2021,equal,equal,4,05/31/2021,06/05/2021,not equal,-5,06/12/2021,2021-06-12,,0,0.0012515699783071609,4851.0,14.0,small
26534,2021 Kern 5 p1,Complex,"Asynchronous, Sequential",,,pre,pre,,inc_start was pre,pre,pre,,Hatch date was not a date,,4,05/18/2021,05/18/2021,equal,equal,06/02/2021,2021-06-05,Threshold met for a 7-day sliding block starting at dispersal_date.,3,0.03341164313370039,6640.0,531.0,async
26534,2021 Kern 5 p2,Complex,"Asynchronous, Sequential",,,ND,,,No inc start date,ND,05/23/2021,05/23/2021,equal,equal,4,06/09/2021,06/09/2021,equal,equal,06/17/2021,2021-06-18,Threshold met for a 7-day sliding block starting at dispersal_date.,1,0.03341164313370039,6640.0,531.0,async
26535,2021 Kern 6 p1,No TRBL,,,,ND,,,No male chorus,ND,ND,,Hatch date was not a date,,4,ND,,Fledge date was not a date,,ND,,Dispersal date was not a date,,,,,
26536,2021 Kern 7 p1,Unknown,,,,pre,,,No male chorus,05/19/2021,05/31/2021,05/31/2021,equal,equal,4,ND,,Fledge date was not a date,,ND,,Dispersal date was not a date,,,,,
26432,2021 Markham Ravine p1,No TRBL,,,,ND,,,No male chorus,ND,ND,,Hatch date was not a date,,4,ND,,Fledge date was not a date,,ND,,Dispersal date was not a date,,,,,
24252,2021 Orchard Creek p1,Additions,,Twiddle,,pre,,,No MC in range,04/16/2021,04/28/2021,04/28/2021,equal,equal,4,05/15/2021,05/15/2021,equal,equal,05/31/2021,,No dispersal detected within max_window_days starting at onset.,,0.04887358118704687,3694.0,440.0,
24252,2021 Orchard Creek p2,Additions,,Twiddle,,05/02/2021,2021-05-02,0,OK,05/13/2021,05/25/2021,05/25/2021,equal,equal,4,06/03/2021,05/29/2021,not equal,5,06/19/2021,2021-06-19,Threshold met for a 7-day sliding block starting at dispersal_date.,0,0.04887358118704687,3694.0,440.0,
24233,2021 Panoche Creek Marsh East 1 p1,Simple,,Twiddle,2021 Panoche Creek Marsh East 2: These were definitely in the same colony. 1E had much better data,04/06/2021,2021-04-06,0,OK,04/20/2021,05/02/2021,05/02/2021,equal,equal,4,05/23/2021,,not equal,Not in range,05/25/2021,2021-05-25,,0,0.0004567915034878379,3801.0,4.0,small
24232,2021 Panoche Creek Marsh East 2 p1,Simple,,,,04/07/2021,pre,,Last bout started on day 1,04/18/2021,04/30/2021,04/30/2021,equal,equal,4,05/18/2021,05/18/2021,equal,equal,05/23/2021,2021-05-23,,0,0.0031681818201486044,4234.0,31.0,small
21537,2021 Plumas Arboga p1,Unknown,,,,pre,,,No qualifying bouts found,05/15/2021,05/27/2021,05/27/2021,equal,equal,4,post,,Fledge date was not a date,,post,,Dispersal date was not a date,,,,,
24119,2021 Rancho Jamul p1,Asynchronous,,,,ND,,,No male chorus,ND,ND,,Hatch date was not a date,,4,ND,,Fledge date was not a date,,post,,Dispersal date was not a date,,,,,
24231,2021 Rodeo Grounds p1,Simple,,,,pre,,,No qualifying bouts found,04/20/2021,05/02/2021,05/02/2021,equal,equal,4,05/11/2021,05/11/2021,equal,equal,05/28/2021,2021-05-28,Threshold met for a 7-day sliding block starting at dispersal_date.,0,0.03613969360188941,2397.0,208.0,
24549,2021 Rush Ranch p1,No Colony,,,,ND,,,No inc start date,ND,ND,,Hatch date was not a date,,4,ND,,Fledge date was not a date,,ND,,Dispersal date was not a date,,,,,
25171,2021 San Jacinto Wildlife Area - Bridge Street Pond p1,Unknown,,,,pre,,,No qualifying bouts found,06/03/2021,06/15/2021,06/15/2021,equal,equal,4,ND,,Fledge date was not a date,,ND,,Dispersal date was not a date,,,,,
11100,2021 Sedgwick Reserve Pond p1,Unknown,,,,04/05/2021,2021-04-05,0,OK,04/16/2021,04/28/2021,04/28/2021,equal,equal,4,post,,Fledge date was not a date,,post,,Dispersal date was not a date,,,,,
24107,2021 Willey Wetlands 1 p1,Simple,,Twiddle,2021 Willey Wetlands 3: ,pre,,,No male chorus,06/08/2021,06/20/2021,06/20/2021,equal,equal,4,07/02/2021,,not equal,Not in range,07/12/2021,2021-07-12,,0,0.001163116403332997,3356.0,9.0,small
24261,2021 Willey Wetlands 2 p1,Simple,,,,pre,,,No male chorus,05/31/2021,06/12/2021,06/12/2021,equal,equal,4,06/28/2021,06/28/2021,equal,equal,07/10/2021,2021-07-10,Threshold met for a 7-day sliding block starting at dispersal_date.,0,0.017120936935525362,4004.0,161.0,
24263,2021 Willey Wetlands 3 p1,Simple,,,,pre,,,No male chorus,pre,pre,,Hatch date was not a date,,4,06/24/2021,06/24/2021,equal,equal,07/10/2021,2021-07-10,Threshold met for a 7-day sliding block starting at dispersal_date.,0,0.03360990537044332,3542.0,285.0,
24790,2021 Wind Wolves Preserve p1,Simple,,,,04/19/2021,2021-04-19,0,OK,05/02/2021,05/14/2021,05/14/2021,equal,equal,4,05/28/2021,05/28/2021,equal,equal,06/24/2021,2021-06-24,Threshold met for a 7-day sliding block starting at dispersal_date.,0,0.009984220906600923,3999.0,93.0,
34485,2022 Baja Ciénega Redonda North p1,Simple,,,,pre,pre,,Last bout started on day 1,04/02/2022,04/14/2022,04/14/2022,equal,equal,4,04/30/2022,04/30/2022,equal,equal,05/23/2022,2022-05-23,Threshold met for a 7-day sliding block starting at dispersal_date.,0,0.04661988303101024,4880.0,553.0,
53136,2022 Baja Ciénega Redonda North 2 p1,Simple,,,2022 Baja Ciénega Redonda North: Had less detections than Baja 1. Keep Baja 1.,pre,pre,,Last bout started on day 1,04/03/2022,04/15/2022,04/15/2022,equal,equal,4,04/30/2022,04/30/2022,equal,equal,05/22/2022,2022-05-22,Threshold met for a 7-day sliding block starting at dispersal_date.,0,0.03509310276941997,5549.0,467.0,
34044,2022 Colusa NWR T27-1&2 p1,No TRBL,,,,ND,,,No male chorus,ND,ND,,Hatch date was not a date,,4,ND,,Fledge date was not a date,,ND,,Dispersal date was not a date,,,,,
34079,2022 Colusa NWR T27-2S p1,Simple,,,,ND,,,No male chorus,05/19/2022,05/31/2022,05/31/2022,equal,equal,4,06/16/2022,06/16/2022,equal,equal,06/21/2022,2022-06-21,,0,0.004644905045763538,3813.0,41.0,small
34111,2022 Conaway New Easement Pond West p1,No TRBL,,,,ND,,,No male chorus,ND,ND,,Hatch date was not a date,,8,ND,,Fledge date was not a date,,ND,,Dispersal date was not a date,,,,,
34112,2022 Conaway North p1,Simple,,,,pre,pre,,Last bout started on day 1,05/09/2022,05/21/2022,05/21/2022,equal,equal,8,05/31/2022,05/31/2022,equal,equal,06/20/2022,2022-06-20,Threshold met for a 7-day sliding block starting at dispersal_date.,0,0.05377180787714673,7898.0,1041.0,
34113,2022 Conaway North A p1,Simple,,,2022 Conaway North:,pre,pre,,Last bout started on day 1,05/10/2022,05/22/2022,05/22/2022,equal,equal,8,06/01/2022,06/01/2022,equal,equal,06/18/2022,2022-06-18,Threshold met for a 7-day sliding block starting at dispersal_date.,0,0.07051478159238342,3931.0,693.0,
34115,2022 Conaway Ranch Reservoir p1,Simple,,Twiddle,,pre,,,No qualifying bouts found,05/11/2022,05/23/2022,05/23/2022,equal,equal,8,06/07/2022,06/10/2022,not equal,-3,post,,Dispersal date was not a date,,0.011349669418516494,5514.0,146.0,
34078,2022 Denverton Creek p1,Simple,,,,03/24/2022,2022-03-24,0,OK,04/03/2022,04/15/2022,04/15/2022,equal,equal,4,04/28/2022,04/28/2022,equal,equal,05/25/2022,2022-05-25,Threshold met for a 7-day sliding block starting at dispersal_date.,0,0.04061590893356908,7987.0,783.0,
34118,2022 Virginia at Ostrom A p1,No Colony,,,,ND,,,No inc start date,ND,ND,,Hatch date was not a date,,4,ND,,Fledge date was not a date,,ND,,Dispersal date was not a date,,0.019305155195386624,330.0,15.0,
34119,2022 Virginia at Ostrom B p1,No Colony,,,2022 Foley Ranch A:,ND,,,No inc start date,ND,ND,,Hatch date was not a date,,4,ND,,Fledge date was not a date,,ND,,Dispersal date was not a date,,0.01165092326653643,331.0,9.0,
33966,2022 Hay Landfill p1,Sequential,,,,02/24/2022,2022-02-24,0,OK,03/31/2022,04/12/2022,04/12/2022,equal,equal,4,04/27/2022,04/27/2022,equal,equal,05/20/2022,2022-05-20,Threshold met for a 7-day sliding block starting at dispersal_date.,0,0.017061971110760046,9334.0,374.0,
33966,2022 Hay Landfill p2,Sequential,,,,05/01/2022,2022-05-01,0,OK,05/07/2022,05/19/2022,05/19/2022,equal,equal,4,06/01/2022,06/01/2022,equal,equal,06/27/2022,2022-06-27,Threshold met for a 7-day sliding block starting at dispersal_date.,0,0.017061971110760046,9334.0,374.0,
34077,2022 Laguna Seca p1,Sequential,,,,03/27/2022,2022-03-27,0,OK,04/03/2022,04/15/2022,04/15/2022,equal,equal,4,ND,,Fledge date was not a date,,ND,,Dispersal date was not a date,,,,,
34077,2022 Laguna Seca p2,Sequential,,,,05/03/2022,2022-05-03,0,OK,05/16/2022,05/28/2022,05/28/2022,equal,equal,4,ND,,Fledge date was not a date,,ND,,Dispersal date was not a date,,,,,
34117,2022 Los Vaqueros Playa p1,Unknown,,,,pre,,,No MC in range,04/07/2022,04/19/2022,,not equal,Not in range,4,04/28/2022,04/28/2022,equal,equal,05/28/2022,2022-05-28,Threshold met for a 7-day sliding block starting at dispersal_date.,0,0.04747707035290195,3428.0,396.0,
34076,2022 Marsh Creek Reservoir p1,No TRBL,,,,ND,,,No male chorus,ND,ND,,Hatch date was not a date,,4,ND,,Fledge date was not a date,,ND,,Dispersal date was not a date,,,,,
34075,2022 Newberry Springs - Lake Wainani p1,Unknown,,,,pre,pre,,inc_start was pre,pre,pre,,Hatch date was not a date,,4,ND,,Fledge date was not a date,,post,,Dispersal date was not a date,,0.0041559597711577035,104.0,1.0,
33851,2022 Oregon State - Warm Springs Dizney Lane p1,No Colony,,,,ND,,,No male chorus,ND,ND,,Hatch date was not a date,,8,ND,,Fledge date was not a date,,ND,,Dispersal date was not a date,,,,,
34073,2022 Oregon State - Prineville Woodward Rd p1,Simple,,Twiddle,,ND,,,No male chorus,05/04/2022,05/16/2022,,not equal,Not in range,8,05/25/2022,,not equal,Not in range,post,,Dispersal date was not a date,,0.01470248662141961,1394.0,48.0,
34071,2022 Paicines Ranch - Teal Pond p1,Simple,,,,pre,,,No MC in range,04/10/2022,04/22/2022,04/22/2022,equal,equal,4,05/08/2022,05/08/2022,equal,equal,05/28/2022,2022-05-28,Threshold met for a 7-day sliding block starting at dispersal_date.,0,0.01569757465652655,6738.0,248.0,
34072,2022 Paicines Ranch - Teal Pond B p1,Simple,,,2022 Paicines Ranch - Teal Pond:,pre,,,No MC in range,04/10/2022,04/22/2022,04/22/2022,equal,equal,4,05/09/2022,05/09/2022,equal,equal,06/04/2022,2022-06-04,Threshold met for a 7-day sliding block starting at dispersal_date.,0,0.017892761377200965,5825.0,245.0,
52598,2022 Panoche Creek Marsh East 1 p1,No Colony,,,,ND,,,No inc start date,ND,ND,,Hatch date was not a date,,4,ND,,Fledge date was not a date,,ND,,Dispersal date was not a date,,,,,
34130,2022 Panoche Creek Marsh East 2 p1,Simple,,,,pre,,,No male chorus,04/08/2022,04/20/2022,04/20/2022,equal,equal,4,05/01/2022,05/01/2022,equal,equal,05/16/2022,2022-05-16,Threshold met for a 7-day sliding block starting at dispersal_date.,0,0.010040648436324072,3848.0,90.0,
52597,2022 Panoche Creek Preserve Location 3 p1,Simple,,,,pre,pre,,Last bout started on day 1,04/08/2022,04/20/2022,04/20/2022,equal,equal,4,05/03/2022,05/03/2022,equal,equal,05/21/2022,2022-05-21,Threshold met for a 7-day sliding block starting at dispersal_date.,0,0.008698938479457208,3707.0,75.0,
34012,2022 Plumas Arboga 6 East p1,Complex,"Asynchronous, Sequential",,,pre,pre,,inc_start was pre,pre,pre,,Hatch date was not a date,,8,05/12/2022,05/12/2022,equal,equal,05/31/2022,2022-06-03,Threshold met for a 7-day sliding block starting at dispersal_date.,3,0.08037854059457068,6822.0,1387.0,async
34012,2022 Plumas Arboga 6 East p2,Complex,"Asynchronous, Sequential",,,ND,pre,,Last bout started on day 1,05/10/2022,05/22/2022,05/22/2022,equal,equal,8,06/07/2022,06/07/2022,equal,equal,post,,Dispersal date was not a date,,0.08037854059457068,6822.0,1387.0,
34013,2022 Plumas Arboga 6 West p1,Simple,,,2022 Plumas Arboga 6 East:,pre,,,No male chorus,05/12/2022,05/24/2022,,not equal,Not in range,8,06/01/2022,06/01/2022,equal,equal,post,,Dispersal date was not a date,,0.10302832775800795,4807.0,1287.0,
34131,2022 Private Site 1 - approximate lat lon p1,Asynchronous,,,,pre,,,No male chorus,04/18/2022,04/30/2022,04/30/2022,equal,equal,4,05/08/2022,05/08/2022,equal,equal,05/28/2022,2022-05-28,Threshold met for a 7-day sliding block starting at dispersal_date.,0,0.05550821827381236,1907.0,260.0,async
34133,2022 Private Site 2 - approximate lat lon p1,Asynchronous,,,,pre,,,No male chorus,pre,pre,,Hatch date was not a date,,4,04/25/2022,04/25/2022,equal,equal,post,,Dispersal date was not a date,,0.07904865728704581,546.0,109.0,
34132,2022 Private Site 3 - approximate lat lon p1,Asynchronous,,,,pre,,,No male chorus,pre,pre,,Hatch date was not a date,,4,05/09/2022,05/09/2022,equal,equal,05/26/2022,2022-05-26,Threshold met for a 7-day sliding block starting at dispersal_date.,0,0.030585911451036986,1905.0,139.0,async
34045,2022 Rancho Jamul p1,Asynchronous,,,,03/20/2022,2022-03-20,0,OK,04/02/2022,04/14/2022,04/14/2022,equal,equal,4,04/27/2022,04/27/2022,equal,equal,post,,Dispersal date was not a date,,0.057777321580729964,4554.0,648.0,
34046,2022 San Jacinto Wildlife Area - Bridge Street Pond p1,Asynchronous,,Twiddle,,pre,pre,,Last bout started on day 1,05/14/2022,05/26/2022,05/26/2022,equal,equal,4,06/11/2022,,not equal,Not in range,post,,Dispersal date was not a date,,0.00579550861457167,1191.0,16.0,
34090,2022 Santa Lucia Preserve - Ohlone Pond p1,Asynchronous,,,,04/05/2022,2022-04-05,0,OK,04/20/2022,05/02/2022,05/02/2022,equal,equal,4,05/20/2022,05/20/2022,equal,equal,06/28/2022,2022-06-28,Threshold met for a 7-day sliding block starting at dispersal_date.,0,0.008208776317155666,6813.0,130.0,async
33985,2022 Sedgwick Reserve Pond p1,Sequential,,,,pre,pre,,Last bout started on day 1,03/29/2022,04/10/2022,04/10/2022,equal,equal,4,04/26/2022,04/26/2022,equal,equal,05/13/2022,2022-05-13,Threshold met for a 7-day sliding block starting at dispersal_date.,0,0.02173160234361268,5145.0,264.0,
33985,2022 Sedgwick Reserve Pond p2,Sequential,,,,05/01/2022,2022-05-01,0,OK,05/09/2022,05/21/2022,05/21/2022,equal,equal,4,06/03/2022,06/03/2022,equal,equal,06/17/2022,2022-06-17,Threshold met for a 7-day sliding block starting at dispersal_date.,0,0.02173160234361268,5145.0,264.0,
33984,2022 Washington State - Harder Spring p1,Additions,,Twiddle,,04/27/2022,2022-04-27,0,OK,05/05/2022,05/17/2022,,not equal,Not in range,4,05/30/2022,05/30/2022,equal,equal,ND,,Dispersal date was not a date,,0.03970632452594327,2768.0,265.0,
33984,2022 Washington State - Harder Spring p2,Additions,,,,05/18/2022,2022-05-18,0,OK,05/26/2022,06/07/2022,06/07/2022,equal,equal,4,ND,,Fledge date was not a date,,07/10/2022,,"Couldn't check, no fledge start date",,0.03970632452594327,2768.0,265.0,
33845,2022 Washington State - McCain Wetands p1,Unknown,,,,pre,,,No male chorus,pre,pre,,Hatch date was not a date,,4,pre,,Fledge date was not a date,,06/02/2022,,"Couldn't check, no fledge start date",,0.004458074049793498,4749.0,49.0,
34088,2022 Wind Wolves Preserve - Pleitito Creek p1,No Colony,,,,ND,,,No male chorus,ND,ND,,Hatch date was not a date,,4,ND,,Fledge date was not a date,,ND,,Dispersal date was not a date,,,,,
34087,2022 Wind Wolves Preserve - Santiago Wetlands p1,Asynchronous,,Twiddle,,03/06/2022,2022-03-06,0,OK,04/08/2022,04/20/2022,04/25/2022,not equal,-5,4,05/02/2022,05/02/2022,equal,equal,06/03/2022,2022-06-07,Threshold met for a 7-day sliding block starting at dispersal_date.,4,0.031514276747181366,7826.0,589.0,async
48459,2023 45 Sump p1,Simple,,,,pre,pre,,Last bout started on day 1,04/29/2023,05/11/2023,05/11/2023,equal,equal,4,05/21/2023,05/21/2023,equal,equal,05/30/2023,2023-05-30,Threshold met for a 7-day sliding block starting at dispersal_date.,0,0.039050434363806945,2062.0,194.0,
48395,2023 Baja Ciénega Redonda North p1,Unknown,,,,pre,pre,,inc_start was pre,pre,pre,,Hatch date was not a date,,4,05/01/2023,05/01/2023,equal,equal,07/28/2023,2023-05-15,Threshold met for a 7-day sliding block starting at dispersal_date.,-74,0.0112969448981114,8386.0,221.0,
48455,2023 Colusa NWR T27-1&2 p1,Simple,,,,06/26/2023,pre,,Last bout started on day 1,07/04/2023,07/16/2023,,not equal,Not in range,4,07/27/2023,07/27/2023,equal,equal,post,,Dispersal date was not a date,,0.06380933321530906,1548.0,245.0,
58629,2023 Colusa NWR T27-2S p1,Simple,,,,pre,pre,,Last bout started on day 1,06/08/2023,06/20/2023,06/20/2023,equal,equal,4,06/29/2023,06/29/2023,equal,equal,07/24/2023,2023-07-24,Threshold met for a 7-day sliding block starting at dispersal_date.,0,0.04457840286618263,2840.0,307.0,
48473,2023 Conaway Ranch Headquarters p1,Simple,,,,05/26/2023,pre,,Last bout started on day 1,06/01/2023,06/13/2023,06/13/2023,equal,equal,4,06/23/2023,06/23/2023,equal,equal,06/30/2023,,Reached end of dataset before dispersal threshold was met.,,0.053453060096674915,1046.0,137.0,
48474,2023 Conaway Ranch NE p1,Simple,,,,pre,pre,,Last bout started on day 1,05/30/2023,06/11/2023,06/11/2023,equal,equal,4,06/25/2023,06/25/2023,equal,equal,07/01/2023,2023-07-01,Threshold met for a 7-day sliding block starting at dispersal_date.,0,0.011281010409689084,1330.0,35.0,
48477,2023 Conaway Ranch North 1 p1,Simple,,,,pre,,,No male chorus,06/06/2023,06/18/2023,06/18/2023,equal,equal,4,06/28/2023,06/28/2023,equal,equal,post,,Dispersal date was not a date,,0.1259471253042787,1183.0,398.0,
48476,2023 Conaway Ranch North 2 p1,Simple,,,,pre,pre,,Last bout started on day 1,06/16/2023,06/28/2023,06/28/2023,equal,equal,4,07/07/2023,07/07/2023,equal,equal,07/23/2023,,Reached end of dataset before dispersal threshold was met.,,0.12316610360895172,1473.0,483.0,
48472,2023 Delevan NWR T6 p1,No TRBL,,,,ND,,,No male chorus,ND,ND,,Hatch date was not a date,,4,ND,,Fledge date was not a date,,ND,,Dispersal date was not a date,,,,,
48454,2023 Delevan NWR T43-1 p1,No TRBL,,,,ND,,,No male chorus,ND,ND,,Hatch date was not a date,,4,ND,,Fledge date was not a date,,ND,,Dispersal date was not a date,,,,,
48877,2023 Delevan NWR T43-2 p1,No TRBL,,,,ND,,,No male chorus,ND,ND,,Hatch date was not a date,,4,ND,,Fledge date was not a date,,ND,,Dispersal date was not a date,,,,,
48462,2023 Denverton Creek p1,Simple,,Twiddle,,04/26/2023,2023-04-26,0,OK,05/06/2023,05/18/2023,,not equal,Not in range,4,ND,,Fledge date was not a date,,ND,,Dispersal date was not a date,,,,,
48463,2023 Hale Road p1,Sequential,,,,05/20/2023,pre,,Last bout started on day 1,05/25/2023,06/06/2023,06/06/2023,equal,equal,4,06/13/2023,06/13/2023,equal,equal,07/06/2023,,Reached end of dataset before dispersal threshold was met.,,0.12887496731739473,1977.0,683.0,
48463,2023 Hale Road p2,Sequential,,Twiddle,,06/25/2023,2023-06-25,0,OK,07/01/2023,post,,Hatch date was not a date,,4,post,,Fledge date was not a date,,post,,Dispersal date was not a date,,0.12887496731739473,1977.0,683.0,
48468,2023 Hale Road Site 2 p1,Simple,,,2023 Hale Road:,05/20/2023,pre,,Last bout started on day 1,05/25/2023,06/06/2023,06/06/2023,equal,equal,4,06/11/2023,06/11/2023,equal,equal,07/05/2023,,Reached end of dataset before dispersal threshold was met.,,0.13109749909608667,1978.0,697.0,
48457,2023 Iron Point p1,Simple,,Twiddle,,pre,,,No male chorus,pre,pre,,Hatch date was not a date,,4,05/31/2023,,not equal,Not in range,06/09/2023,2023-06-09,,0,0.00043127558847373345,6039.0,6.0,small
48434,2023 Kentucky Lateral p1,Asynchronous,,,,pre,,,No male chorus,04/14/2023,04/26/2023,04/26/2023,equal,equal,4,05/12/2023,05/12/2023,equal,equal,post,,Dispersal date was not a date,,0.02846107254775066,753.0,51.0,
48467,2023 Kern - Canebreak Ecological Reserve 4 p1,No TRBL,,,,ND,,,No male chorus,ND,ND,,Hatch date was not a date,,4,ND,,Fledge date was not a date,,ND,,Dispersal date was not a date,,,,,
48470,2023 Kern - Headquarters 2 p1,Sequential,,,,05/20/2023,pre,,Last bout started on day 1,05/27/2023,06/08/2023,06/08/2023,equal,equal,4,06/20/2023,06/20/2023,equal,equal,07/06/2023,2023-07-06,Threshold met for a 7-day sliding block starting at dispersal_date.,0,0.05653763577186726,5646.0,785.0,
48470,2023 Kern - Headquarters 2 p2,Sequential,,,,06/23/2023,pre,,Last bout started on day 1,06/23/2023,07/05/2023,07/05/2023,equal,equal,4,07/19/2023,07/19/2023,equal,equal,08/07/2023,,Reached end of dataset before dispersal threshold was met.,,0.05653763577186726,5646.0,785.0,
48465,2023 Laguna Frye Confluence 3 p1,Simple,,Twiddle,,pre,,,No male chorus,05/05/2023,05/17/2023,05/17/2023,equal,equal,4,05/26/2023,05/26/2023,equal,equal,06/01/2023,2023-06-06,Threshold met for a 7-day sliding block starting at dispersal_date.,5,0.04266441222186237,1705.0,176.0,
48747,2023 Laguna Frye Confluence 1 p1,Complex,"Additions, Sequential",,,pre,,,No qualifying bouts found,04/21/2023,05/03/2023,05/03/2023,equal,equal,4,05/22/2023,05/22/2023,equal,equal,06/14/2023,,Reached end of dataset before dispersal threshold was met.,,0.11044365399070201,2559.0,741.0,
48747,2023 Laguna Frye Confluence 1 p2,Complex,"Additions, Sequential",,,ND,,,No inc start date,ND,ND,,Hatch date was not a date,,4,ND,,Fledge date was not a date,,ND,,Dispersal date was not a date,,0.11044365399070201,2559.0,741.0,
48747,2023 Laguna Frye Confluence 1 p3,Complex,"Additions, Sequential",,,ND,,,No inc start date,ND,ND,,Hatch date was not a date,,4,ND,,Fledge date was not a date,,ND,,Dispersal date was not a date,,0.11044365399070201,2559.0,741.0,
48747,2023 Laguna Frye Confluence 1 p4,Complex,"Additions, Sequential",,,ND,,,No inc start date,ND,ND,,Hatch date was not a date,,4,ND,,Fledge date was not a date,,ND,,Dispersal date was not a date,,0.11044365399070201,2559.0,741.0,
48458,2023 Laguna Frye Confluence 2 p1,Sequential,,,2023 Laguna Frye Confluence 1:,04/26/2023,2023-04-26,0,OK,05/07/2023,05/19/2023,05/19/2023,equal,equal,4,05/25/2023,05/25/2023,equal,equal,06/08/2023,2023-06-08,Threshold met for a 7-day sliding block starting at dispersal_date.,0,0.10103546656911941,1844.0,483.0,
48458,2023 Laguna Frye Confluence 2 p2,Sequential,,Twiddle,2023 Laguna Frye Confluence 1:,05/31/2023,2023-05-31,0,OK,06/05/2023,ND,,Hatch date was not a date,,4,ND,,Fledge date was not a date,,ND,,Dispersal date was not a date,,0.10103546656911941,1844.0,483.0,
48428,2023 Los Vaqueros - Walnut Trail Marsh p1,Simple,,,,pre,pre,,Last bout started on day 1,04/14/2023,04/26/2023,04/26/2023,equal,equal,4,ND,,Fledge date was not a date,,ND,,Dispersal date was not a date,,0.005747850495250537,2552.0,34.0,
48444,2023 Los Vaqueros Playa p1,Sequential,,,,04/07/2023,2023-04-07,0,OK,04/16/2023,04/28/2023,04/28/2023,equal,equal,4,05/06/2023,05/06/2023,equal,equal,06/14/2023,,No dispersal detected within max_window_days starting at onset.,,0.09177704880131213,6196.0,1458.0,
48444,2023 Los Vaqueros Playa p2,Sequential,,,,05/29/2023,2023-05-29,0,OK,06/03/2023,06/15/2023,06/15/2023,equal,equal,4,06/26/2023,06/26/2023,equal,equal,07/17/2023,2023-07-17,Threshold met for a 7-day sliding block starting at dispersal_date.,0,0.09177704880131213,6196.0,1458.0,
48436,2023 Markham Ravine p1,Simple,,,,pre,pre,,Last bout started on day 1,05/19/2023,05/31/2023,05/31/2023,equal,equal,4,06/13/2023,06/13/2023,equal,equal,post,,Dispersal date was not a date,,0.040034640054130724,2475.0,239.0,
48446,2023 Merced NWR - Cottonwood Trail p1,Sequential,,,,pre,,,No male chorus,pre,pre,,Hatch date was not a date,,4,pre,,Fledge date was not a date,,05/30/2023,,"Couldn't check, no fledge start date",,0.0576688192016361,2521.0,358.0,
48446,2023 Merced NWR - Cottonwood Trail p2,Sequential,,Twiddle,,pre,,,No male chorus,05/12/2023,05/24/2023,05/29/2023,not equal,-5,4,06/04/2023,,not equal,Not in range,post,,Dispersal date was not a date,,0.0576688192016361,2521.0,358.0,
48490,2023 Merced NWR - Deadman Wetland Ditch p1,Simple,,,,pre,,,No male chorus,05/19/2023,05/31/2023,05/31/2023,equal,equal,4,ND,,Fledge date was not a date,,ND,,Dispersal date was not a date,,,,,
48448,2023 North Regional Pond p1,Simple,,,,04/07/2023,2023-04-14,-7,OK,04/22/2023,05/04/2023,05/05/2023,not equal,-1,4,05/15/2023,05/15/2023,equal,equal,post,,Dispersal date was not a date,,0.039508541283673655,1323.0,126.0,
48397,2023 Oregon State - Warm Springs Dizney Lane p1,Simple,,Twiddle,,pre,pre,,Last bout started on day 1,05/07/2023,05/19/2023,05/19/2023,equal,equal,4,06/03/2023,06/07/2023,not equal,-4,06/09/2023,2023-06-09,,0,0.0012680139866354967,3078.0,9.0,small
48392,2023 Oregon State - Metolius Eureka Lane p1,Asynchronous,,,,ND,,,No male chorus,05/07/2023,05/19/2023,05/19/2023,equal,equal,4,05/30/2023,05/30/2023,equal,equal,07/04/2023,2023-06-25,Threshold met for a 7-day sliding block starting at dispersal_date.,-9,0.02062622823380383,4153.0,202.0,async
48445,2023 Oregon State - Prineville Grimes Rd p1,Sequential,,,,ND,pre,,Last bout started on day 1,05/03/2023,05/15/2023,05/15/2023,equal,equal,4,05/26/2023,05/26/2023,equal,equal,05/30/2023,2023-05-30,Threshold met for a 7-day sliding block starting at dispersal_date.,0,0.011290175544211628,3645.0,96.0,
48445,2023 Oregon State - Prineville Grimes Rd p2,Sequential,,,,06/03/2023,2023-06-03,0,OK,06/09/2023,06/21/2023,06/21/2023,equal,equal,4,07/06/2023,07/06/2023,equal,equal,post,,Dispersal date was not a date,,0.011290175544211628,3645.0,96.0,
48796,2023 Panoche Creek Preserve - Corrals North West p1,Simple,,,2023 Panoche Creek Preserve - Corrals South East:,pre,,,No male chorus,pre,pre,,Hatch date was not a date,,4,05/08/2023,05/08/2023,equal,equal,05/16/2023,2023-05-16,Threshold met for a 7-day sliding block starting at dispersal_date.,0,0.009598957686685615,2640.0,59.0,
48797,2023 Panoche Creek Preserve - Corrals Southeast p1,Simple,,,,pre,,,No male chorus,pre,pre,,Hatch date was not a date,,4,05/07/2023,05/07/2023,equal,equal,05/19/2023,2023-05-19,Threshold met for a 7-day sliding block starting at dispersal_date.,0,0.016475771610041476,2638.0,102.0,
48440,2023 Petersen Ranch Pond - East p1,No Colony,,,,ND,,,No male chorus,ND,ND,,Hatch date was not a date,,4,ND,,Fledge date was not a date,,ND,,Dispersal date was not a date,,,,,
48461,2023 Petersen Ranch Pond - West p1,No Colony,,,2023 Peterson Ranch Pond - East:,ND,,,No male chorus,ND,ND,,Hatch date was not a date,,4,ND,,Fledge date was not a date,,ND,,Dispersal date was not a date,,,,,
48475,2023 Plumas Arboga 2 p1,Simple,,,,pre,,,No MC in range,05/26/2023,06/07/2023,06/07/2023,equal,equal,4,06/17/2023,06/17/2023,equal,equal,07/05/2023,2023-07-05,Threshold met for a 7-day sliding block starting at dispersal_date.,0,0.0822195244736223,1828.0,381.0,
48437,2023 Plumas Arboga 8 p1,Sequential,,Twiddle,,pre,pre,,Last bout started on day 1,04/24/2023,05/06/2023,05/06/2023,equal,equal,4,05/15/2023,05/15/2023,equal,equal,05/25/2023,2023-05-25,Threshold met for a 7-day sliding block starting at dispersal_date.,0,0.04210737452010942,3919.0,399.0,
48437,2023 Plumas Arboga 8 p2,Sequential,,,,05/27/2023,2023-05-27,0,OK,06/03/2023,06/15/2023,06/15/2023,equal,equal,4,06/22/2023,06/22/2023,equal,equal,post,,Dispersal date was not a date,,0.04210737452010942,3919.0,399.0,
48764,2023 Rancho Jamul - North Pond p1,Simple,,Twiddle,,04/22/2023,pre,,Last bout started on day 1,05/04/2023,05/16/2023,05/16/2023,equal,equal,4,05/26/2023,05/26/2023,equal,equal,06/04/2023,2023-06-04,,0,0.0011852098479961483,5123.0,14.0,small
48765,2023 Rancho Jamul - Site 1 p1,Sequential,,Twiddle,,03/29/2023,pre,,Last bout started on day 1,04/13/2023,04/25/2023,04/25/2023,equal,equal,4,05/06/2023,,not equal,Not in range,06/02/2023,2023-06-02,,0,0.0014856154118488413,7004.0,24.0,small
48765,2023 Rancho Jamul - Site 1 p2,Sequential,,Twiddle,,05/26/2023,2023-05-26,0,OK,06/06/2023,06/18/2023,,not equal,Not in range,4,07/10/2023,,not equal,Not in range,07/22/2023,2023-07-22,,0,0.0014856154118488413,7004.0,24.0,small
48438,2023 San Jacinto Wildlife Area - Bridge St. Pond p1,No TRBL,,,,ND,,,No male chorus,ND,ND,,Hatch date was not a date,,4,ND,,Fledge date was not a date,,ND,,Dispersal date was not a date,,,,,
48439,2023 San Jacinto Wildlife Area West of Davis p1,Sequential,,,,pre,pre,,inc_start was pre,pre,pre,,Hatch date was not a date,,4,pre,,Fledge date was not a date,,05/13/2023,,"Couldn't check, no fledge start date",,0.022696259861224238,3877.0,208.0,
48439,2023 San Jacinto Wildlife Area West of Davis p2,Sequential,,,,pre,,,No qualifying bouts found,05/10/2023,05/22/2023,05/22/2023,equal,equal,4,06/02/2023,06/02/2023,equal,equal,06/10/2023,2023-06-10,Threshold met for a 7-day sliding block starting at dispersal_date.,0,0.022696259861224238,3877.0,208.0,
48464,2023 San Luis NWR - Fiddleneck Lake p1,Simple,,Twiddle,,pre,pre,,Last bout started on day 1,06/03/2023,06/15/2023,06/15/2023,equal,equal,4,06/24/2023,06/29/2023,not equal,-5,07/05/2023,2023-07-05,,0,0.0023065770253475996,2629.0,14.0,small
48447,2023 San Luis NWR - Tanager Slough p1,Simple,,,,pre,pre,,Last bout started on day 1,06/23/2023,07/05/2023,07/05/2023,equal,equal,4,07/15/2023,07/15/2023,equal,equal,post,,Dispersal date was not a date,,0.006618549080808048,2735.0,42.0,
48466,2023 Sedgwick Reserve Pond p1,Asynchronous,,Twiddle,,pre,pre,,Last bout started on day 1,04/03/2023,04/15/2023,,not equal,Not in range,4,04/29/2023,04/29/2023,equal,equal,05/19/2023,2023-05-19,Threshold met for a 7-day sliding block starting at dispersal_date.,0,0.014742399558464408,6806.0,235.0,async
48478,2023 South Virginia Road 3 p1,No TRBL,,,,ND,,,No male chorus,ND,ND,,Hatch date was not a date,,4,ND,,Fledge date was not a date,,ND,,Dispersal date was not a date,,,,,
48456,2023 Virginia at Ostrom p1,No Colony,,,,ND,,,No male chorus,ND,ND,,Hatch date was not a date,,4,ND,,Fledge date was not a date,,ND,,Dispersal date was not a date,,,,,
48398,2023 Washington State - Harder Spring p1,Sequential,,,,ND,,,No male chorus,ND,ND,,Hatch date was not a date,,4,06/17/2023,06/17/2023,equal,equal,07/08/2023,2023-07-08,Threshold met for a 7-day sliding block starting at dispersal_date.,0,0.012015060361876807,3850.0,108.0,
48398,2023 Washington State - Harder Spring p2,Sequential,,,,ND,,,No male chorus,ND,ND,,Hatch date was not a date,,4,07/27/2023,07/27/2023,equal,equal,08/04/2023,,Reached end of dataset before dispersal threshold was met.,,0.012015060361876807,3850.0,108.0,
48393,2023 Washington State - McCain Wetlands p1,Simple,,Twiddle,,ND,pre,,Last bout started on day 1,04/29/2023,05/11/2023,05/15/2023,not equal,-4,4,05/24/2023,05/24/2023,equal,equal,06/03/2023,2023-06-03,,0,0.0016472852983429364,5526.0,21.0,small
48471,2023 Wind Wolves Preserve - Los Lobos p1,Asynchronous,,,,pre,,,No male chorus,04/23/2023,05/05/2023,05/05/2023,equal,equal,4,05/17/2023,05/17/2023,equal,equal,06/07/2023,2023-06-07,,0,0.00509840895673824,5081.0,60.0,small
48469,2023 Wind Wolves Preserve - Santiago Wetlands p1,Asynchronous,,,,pre,pre,,Last bout started on day 1,04/19/2023,05/01/2023,05/01/2023,equal,equal,4,05/08/2023,05/08/2023,equal,equal,06/29/2023,2023-06-13,Threshold met for a 7-day sliding block starting at dispersal_date.,-16,0.034088479024589224,5658.0,462.0,async
65446,2024 Baja Ciénega Redonda North p1,Complex,"Asynchronous, Sequential",,,pre,pre,,inc_start was pre,pre,pre,,Hatch date was not a date,,4,05/06/2024,05/06/2024,equal,equal,ND,,Dispersal date was not a date,,0.061285573998977,7898.0,1197.0,
65446,2024 Baja Ciénega Redonda North p2,Complex,"Asynchronous, Sequential",,,04/24/2024,2024-04-24,0,OK,05/13/2024,05/25/2024,05/25/2024,equal,equal,4,ND,,Fledge date was not a date,,07/18/2024,,"Couldn't check, no fledge start date",,0.061285573998977,7898.0,1197.0,
65447,2024 Baja Ciénega Redonda South p1,Sequential,,,,pre,,,No MC in range,04/17/2024,04/29/2024,04/29/2024,equal,equal,4,05/10/2024,05/10/2024,equal,equal,ND,,Dispersal date was not a date,,0.04211485449013146,6118.0,623.0,
65447,2024 Baja Ciénega Redonda South p2,Sequential,,,,05/12/2024,2024-05-12,0,OK,05/23/2024,06/04/2024,06/04/2024,equal,equal,4,ND,,Fledge date was not a date,,07/07/2024,,"Couldn't check, no fledge start date",,0.04211485449013146,6118.0,623.0,
65444,2024 Baja Lago Mesa Redonda p1,Complex,"Asynchronous, Sequential",,,pre,pre,,inc_start was pre,pre,pre,,Hatch date was not a date,,4,05/03/2024,05/03/2024,equal,equal,ND,,Dispersal date was not a date,,0.12440308151982635,6693.0,2220.0,
65444,2024 Baja Lago Mesa Redonda p2,Complex,"Asynchronous, Sequential",,,pre,pre,,Last bout started on day 1,05/13/2024,05/25/2024,05/25/2024,equal,equal,4,ND,,Fledge date was not a date,,07/14/2024,,"Couldn't check, no fledge start date",,0.12440308151982635,6693.0,2220.0,
65453,2024 Colusa NWR T27-1&2 p1,Simple,,,,05/25/2024,pre,,Last bout started on day 1,06/01/2024,06/13/2024,06/13/2024,equal,equal,4,ND,,Fledge date was not a date,,ND,,Dispersal date was not a date,,0.0002666291797059154,4885.0,3.0,
65454,2024 Colusa NWR T27-2S p1,No Colony,,,,ND,,,No inc start date,ND,ND,,Hatch date was not a date,,4,ND,,Fledge date was not a date,,ND,,Dispersal date was not a date,,,,,
63115,2024 Dagnino Pond p1,Simple,,,,pre,,,No male chorus,05/17/2024,05/29/2024,05/31/2024,not equal,-2,4,ND,,Fledge date was not a date,,07/04/2024,,"Couldn't check, no fledge start date",,0.012783957970824517,5858.0,175.0,
65456,2024 Kern 1 p1,No Colony,,,,ND,,,No male chorus,ND,ND,,Hatch date was not a date,,4,ND,,Fledge date was not a date,,ND,,Dispersal date was not a date,,,,,
63044,2024 Los Vaqueros Playa p1,Sequential,,,,pre,pre,,Last bout started on day 1,04/23/2024,05/05/2024,05/05/2024,equal,equal,4,ND,,Fledge date was not a date,,ND,,Dispersal date was not a date,,0.00840983781260032,2864.0,56.0,
63044,2024 Los Vaqueros Playa p2,Sequential,,,,05/17/2024,2024-05-17,0,OK,05/28/2024,06/09/2024,06/09/2024,equal,equal,4,06/18/2024,06/18/2024,equal,equal,post,,Dispersal date was not a date,,0.00840983781260032,2864.0,56.0,
63085,2024 Markham Ravine 1 p1,No TRBL,,,,ND,,,No male chorus,ND,ND,,Hatch date was not a date,,4,ND,,Fledge date was not a date,,ND,,Dispersal date was not a date,,,,,
63088,2024 Markham Ravine 2 p1,No TRBL,,,2024 Markham Ravine 1:,ND,,,No male chorus,ND,ND,,Hatch date was not a date,,4,ND,,Fledge date was not a date,,ND,,Dispersal date was not a date,,,,,
63113,2024 Markham Ravine 3 p1,No TRBL,,,2024 Markham Ravine 1:,ND,,,No male chorus,ND,ND,,Hatch date was not a date,,4,ND,,Fledge date was not a date,,ND,,Dispersal date was not a date,,,,,
63114,2024 Merced NWR - Duck Slough Farmfield p1,Asynchronous,,Twiddle,,pre,,,No inc start date,ND,ND,,Hatch date was not a date,,4,05/11/2024,,not equal,Not in range,06/12/2024,2024-06-12,Threshold met for a 7-day sliding block starting at dispersal_date.,0,0.016776799204672635,4494.0,177.0,async
63087,2024 Moore's Lake p1,No TRBL,,,,ND,,,No male chorus,ND,ND,,Hatch date was not a date,,4,ND,,Fledge date was not a date,,ND,,Dispersal date was not a date,,,,,
66012,2024 Newberry Springs  - Lake Wainani p1,Unknown,,,,pre,,,No male chorus,pre,pre,,Hatch date was not a date,,4,pre,,Fledge date was not a date,,post,,Dispersal date was not a date,,0.08952207938584364,415.0,95.0,
77023,2024 North Regional Pond p1,No Colony,,,,ND,,,No inc start date,ND,ND,,Hatch date was not a date,,4,ND,,Fledge date was not a date,,ND,,Dispersal date was not a date,,,,,
63086,2024 Oregon State -  Metolius Eureka Lane p1,No TRBL,,,,ND,,,No male chorus,ND,ND,,Hatch date was not a date,,4,ND,,Fledge date was not a date,,ND,,Dispersal date was not a date,,,,,
65471,2024 Panoche Creek Marsh East p1,Simple,,,,pre,,,No qualifying bouts found,04/17/2024,04/29/2024,04/29/2024,equal,equal,4,05/12/2024,05/09/2024,not equal,3,06/16/2024,2024-06-16,Threshold met for a 7-day sliding block starting at dispersal_date.,0,0.04691454036204419,6110.0,697.0,
65469,2024 Panoche Creek Marsh South p1,Simple,,,2024 Panoche Creek Marsh East:,pre,pre,,Last bout started on day 1,04/19/2024,05/01/2024,05/01/2024,equal,equal,4,05/18/2024,05/18/2024,equal,equal,06/03/2024,2024-06-03,Threshold met for a 7-day sliding block starting at dispersal_date.,0,0.008891564575370518,5463.0,113.0,
65470,2024 Panoche Creek Marsh West p1,Simple,,,2024 Panoche Creek Marsh East:,pre,pre,,Last bout started on day 1,04/23/2024,05/05/2024,05/05/2024,equal,equal,4,05/13/2024,05/13/2024,equal,equal,06/01/2024,2024-06-01,Threshold met for a 7-day sliding block starting at dispersal_date.,0,0.012127806930476477,6109.0,173.0,
63656,2024 Rancho Jamul - Main Pond 1 p1,Complex,"Asynchronous, Sequential",,,pre,,,No inc start date,ND,ND,,Hatch date was not a date,,4,ND,,Fledge date was not a date,,05/28/2024,,"Couldn't check, no fledge start date",,0.02605712890826613,5547.0,343.0,
63656,2024 Rancho Jamul - Main Pond 1 p2,Complex,"Asynchronous, Sequential",,,05/01/2024,2024-05-01,0,OK,05/16/2024,05/28/2024,,not equal,Not in range,4,06/09/2024,06/09/2024,equal,equal,08/01/2024,2024-07-18,Threshold met for a 7-day sliding block starting at dispersal_date.,-14,0.02605712890826613,5547.0,343.0,async
63657,2024 Rancho Jamul - Main Pond 2 p1,Complex,"Asynchronous, Sequential",,2024 Rancho Jamul - Main Pond 1:,pre,,,No inc start date,ND,ND,,Hatch date was not a date,,4,ND,,Fledge date was not a date,,ND,,Dispersal date was not a date,,0.03786044439743959,3524.0,321.0,
63657,2024 Rancho Jamul - Main Pond 2 p2,Complex,"Asynchronous, Sequential",,2024 Rancho Jamul - Main Pond 1:,05/01/2024,2024-05-01,0,OK,05/14/2024,05/26/2024,,not equal,Not in range,4,06/09/2024,06/09/2024,equal,equal,post,,Dispersal date was not a date,,0.03786044439743959,3524.0,321.0,
63468,2024 Rancho Jamul - North Pond p1,No Colony,,,,ND,,,No male chorus,ND,ND,,Hatch date was not a date,,4,ND,,Fledge date was not a date,,ND,,Dispersal date was not a date,,,,,
63089,2024 San Jacinto Wildlife Area - Thistle Patch NW of Bridge Street Pond p1,Simple,,Twiddle,,pre,,,No male chorus,pre,pre,,Hatch date was not a date,,4,06/13/2024,,not equal,Not in range,06/20/2024,2024-06-20,,0,0.0038547100565248225,673.0,6.0,small
63049,2024 Santa Lucia Preserve - Ohlone Pond p1,Asynchronous,,,,pre,pre,,Last bout started on day 1,04/20/2024,05/02/2024,05/02/2024,equal,equal,4,05/18/2024,05/18/2024,equal,equal,06/06/2024,2024-06-06,Threshold met for a 7-day sliding block starting at dispersal_date.,0,0.011902887876410485,3203.0,89.0,async
63738,2024 Sedgwick Reserve Pond p1,Asynchronous,,,,pre,pre,,Last bout started on day 1,04/08/2024,04/20/2024,04/20/2024,equal,equal,4,05/08/2024,05/08/2024,equal,equal,06/19/2024,2024-06-16,Threshold met for a 7-day sliding block starting at dispersal_date.,-3,0.007259288376236125,6704.0,113.0,async
63116,2024 Washington State - Harder Spring p1,Sequential,,Twiddle,,ND,,,No male chorus,05/26/2024,06/07/2024,06/07/2024,equal,equal,4,06/22/2024,06/25/2024,not equal,-3,ND,,Dispersal date was not a date,,0.018330871393750222,3085.0,133.0,
63116,2024 Washington State - Harder Spring p2,Sequential,,,,ND,,,No male chorus,07/06/2024,07/18/2024,07/18/2024,equal,equal,4,07/27/2024,07/27/2024,equal,equal,post,,Dispersal date was not a date,,0.018330871393750222,3085.0,133.0,
63465,2024 Washington State - McCain Wetlands p1,Simple,,Twiddle,,ND,,,No male chorus,04/28/2024,05/10/2024,05/10/2024,equal,equal,4,05/24/2024,,not equal,Not in range,06/03/2024,2024-06-03,,0,0.002528315847232606,5652.0,33.0,small
65481,2024 Wind Wolves Preserve - Los Lobos p1,Asynchronous,,,,pre,pre,,inc_start was pre,pre,pre,,Hatch date was not a date,,4,pre,,Fledge date was not a date,,06/19/2024,,"Couldn't check, no fledge start date",,0.007974155492453294,9066.0,168.0,
65482,2024 Wind Wolves Preserve - Pleitito Creek p1,Complex,"Asynchronous, Sequential",,,pre,,,No male chorus,pre,pre,,Hatch date was not a date,,4,04/30/2024,04/30/2024,equal,equal,ND,,Dispersal date was not a date,,0.043874788085928575,7074.0,752.0,
65482,2024 Wind Wolves Preserve - Pleitito Creek p2,Complex,"Asynchronous, Sequential",,,ND,,,No male chorus,05/13/2024,05/25/2024,05/25/2024,equal,equal,4,06/11/2024,06/11/2024,equal,equal,07/03/2024,2024-07-03,Threshold met for a 7-day sliding block starting at dispersal_date.,0,0.043874788085928575,7074.0,752.0,async
65483,2024 Wind Wolves Preserve - Santiago Wetlands p1,Asynchronous,,,,pre,pre,,inc_start was pre,pre,pre,,Hatch date was not a date,,4,05/04/2024,05/04/2024,equal,equal,07/08/2024,2024-07-08,Threshold met for a 7-day sliding block starting at dispersal_date.,0,0.041456226023523696,8077.0,809.0,async
65480,2024 Wind Wolves Preserve - Tevis p1,Simple,,,,pre,,,No male chorus,pre,pre,,Hatch date was not a date,,4,05/17/2024,05/17/2024,equal,equal,06/09/2024,2024-06-09,Threshold met for a 7-day sliding block starting at dispersal_date.,0,0.014473404539246925,8056.0,273.0,
